config_name,seed,level,horizon,nrmse,predictive_utility_per_active_feature
temp_003,0,1,1,1.004840269661214,0.1243978805573217
temp_003,0,2,2,1.0064377964253075,0.0621002114419555
temp_003,0,3,4,1.0053491841779976,0.04144496987229944
temp_003,0,4,8,1.006165974745567,0.031058494100038046
temp_003,0,5,16,1.0069973461249557,0.02482628190629933
temp_003,0,6,32,1.0069890394806462,0.020688738915934927
temp_003,1,1,1,1.0052280308870598,0.12434989475398614
temp_003,1,2,2,1.0052079712247384,0.06217618816232656
temp_003,1,3,4,1.0065631914069564,0.041394983449750254
temp_003,1,4,8,1.0067420493652772,0.031040721910843026
temp_003,1,5,16,1.0053141902296305,0.02486784752145259
temp_003,1,6,32,1.0065280207214762,0.020698214952911034
temp_003,2,1,1,1.005818863055703,0.12427684987424155
temp_003,2,2,2,1.0043189835465227,0.062231224327156526
temp_003,2,3,4,1.0059952466944424,0.04141835340307995
temp_003,2,4,8,1.0064026257398273,0.031051190836593835
temp_003,2,5,16,1.0080575920656345,0.024800170338057637
temp_003,2,6,32,1.0063298984178422,0.020702289936704303
temp_003,3,1,1,1.005232095840658,0.1243493919083711
temp_003,3,2,2,1.0044388113091132,0.06222380025285176
temp_003,3,3,4,1.0075467334406083,0.04135457469764276
temp_003,3,4,8,1.0070635341737613,0.03103081278376516
temp_003,3,5,16,1.008600705213777,0.024786815897084313
temp_003,3,6,32,1.0078603534475652,0.020670853117460957
temp_003,4,1,1,1.0046254457004047,0.12442448116304868
temp_003,4,2,2,1.007188398944071,0.06205393154522116
temp_003,4,3,4,1.0068253809140404,0.041384203695378055
temp_003,4,4,8,1.0052725686395272,0.031086096413211976
temp_003,4,5,16,1.0063744361703093,0.024841648491117696
temp_003,4,6,32,1.0087048917418702,0.02065354644315714
temp_001,0,1,1,1.0048409766096658,0.1243977930381112
temp_001,0,2,2,1.0064384150052028,0.06210017327375594
temp_001,0,3,4,1.00534962602078,0.041444951657580574
temp_001,0,4,8,1.0061664165883493,0.031058480461169546
temp_001,0,5,16,1.0069978763362946,0.024826268834597317
temp_001,0,6,32,1.0069896580605417,0.020688726207127195
temp_001,1,1,1,1.0052289145726248,0.12434978543937604
temp_001,1,2,2,1.005208854910303,0.062176133502839986
temp_001,1,3,4,1.0065634565126258,0.04139497254726346
temp_001,1,4,8,1.006743286525068,0.031040683765733417
temp_001,1,5,16,1.0053147204409694,0.024867834405943135
temp_001,1,6,32,1.0065284625642588,0.020698205866872012
temp_001,2,1,1,1.0058199234783807,0.12427671885079822
temp_001,2,2,2,1.0043188951779662,0.06223122980279129
temp_001,2,3,4,1.0059962187485636,0.04141831338217297
temp_001,2,4,8,1.0064026257398273,0.031051190836593835
temp_001,2,5,16,1.0080597129109903,0.024800118161261566
temp_001,2,6,32,1.0063301635235116,0.020702284482933132
temp_001,3,1,1,1.0052327144205535,0.1243493153887427
temp_001,3,2,2,1.0044393415204522,0.06222376740690172
temp_001,3,3,4,1.0075472636519471,0.04135455293522505
temp_001,3,4,8,1.0070640643851,0.03103079644628538
temp_001,3,5,16,1.0086011470565595,0.024786805038603997
temp_001,3,6,32,1.0078609720274607,0.020670840430617718
temp_001,4,1,1,1.0046263293859694,0.12442437171726317
temp_001,4,2,2,1.0071884873126276,0.062053926100742375
temp_001,4,3,4,1.0068262645996053,0.04138416737270284
temp_001,4,4,8,1.0052721267967446,0.031086110076345538
temp_001,4,5,16,1.0063750547502048,0.024841633221915373
temp_001,4,6,32,1.0087058637959914,0.020653526540065806
hier_x3,0,1,1,1.004826926009185,0.12439953250551922
hier_x3,0,2,2,1.0060687693334358,0.06212298986537679
hier_x3,0,3,4,1.00484539503749,0.041465748716333344
hier_x3,0,4,8,1.0060010790191702,0.031063584962315066
hier_x3,0,5,16,1.0072567962067887,0.024819887131009796
hier_x3,0,6,32,1.0068365153521572,0.020691873021446518
hier_x3,1,1,1,1.0050324712715637,0.12437409080562621
hier_x3,1,2,2,1.005334426629065,0.06216836736677794
hier_x3,1,3,4,1.006412081175371,0.04140119880194045
hier_x3,1,4,8,1.006732505561177,0.031041016176268366
hier_x3,1,5,16,1.0054869507575541,0.024863574783291424
hier_x3,1,6,32,1.0064233039820443,0.02070036856916068
hier_x3,2,1,1,1.0056880775921087,0.12429301155077604
hier_x3,2,2,2,1.0042460794874246,0.06223574205338513
hier_x3,2,3,4,1.0062601756267773,0.04140744874799434
hier_x3,2,4,8,1.0069094194112553,0.031035562273886968
hier_x3,2,5,16,1.007869101934657,0.02480480842781071
hier_x3,2,6,32,1.0063066574874873,0.020702768061811518
hier_x3,3,1,1,1.0052335097375618,0.12434921700650176
hier_x3,3,2,2,1.0042188619720278,0.06223742883933455
hier_x3,3,3,4,1.0074511186624941,0.04135849956149852
hier_x3,3,4,8,1.0071952033229203,0.03102675617120167
hier_x3,3,5,16,1.008530363842817,0.024788544688476237
hier_x3,3,6,32,1.007675398058847,0.020674647182176688
hier_x3,4,1,1,1.0045601413371639,0.12443256973950065
hier_x3,4,2,2,1.0073631919487938,0.06204316423385858
hier_x3,4,3,4,1.0065368575771245,0.04139606645872444
hier_x3,4,4,8,1.0055836259583462,0.031076480546813372
hier_x3,4,5,16,1.0061717187017383,0.024846653438088874
hier_x3,4,6,32,1.0084396093353092,0.02065897961183934
temp_003_hier_x3,0,1,1,1.00482931196021,0.1243992371208323
temp_003_hier_x3,0,2,2,1.0060703599674525,0.06212289164665892
temp_003_hier_x3,0,3,4,1.0048482228312974,0.04146563202548917
temp_003_hier_x3,0,4,8,1.0060028463903,0.031063530389026903
temp_003_hier_x3,0,5,16,1.0072594472634833,0.024819821806303134
temp_003_hier_x3,0,6,32,1.006837752511948,0.020691847596145143
temp_003_hier_x3,1,1,1,1.005033973537024,0.12437390489857683
temp_003_hier_x3,1,2,2,1.0053370776857595,0.06216820342985563
temp_003_hier_x3,1,3,4,1.006413936915057,0.04140112246173408
temp_003_hier_x3,1,4,8,1.0067352449864282,0.031040931710621684
temp_003_hier_x3,1,5,16,1.0054889832343532,0.024863524524522087
temp_003_hier_x3,1,6,32,1.0064253364588434,0.020700326764749248
temp_003_hier_x3,2,1,1,1.0056903751745772,0.12429272759315749
temp_003_hier_x3,2,2,2,1.0042479352271108,0.06223562704858173
temp_003_hier_x3,2,3,4,1.006261942997907,0.041407376021076706
temp_003_hier_x3,2,4,8,1.006911540256611,0.031035496904065037
temp_003_hier_x3,2,5,16,1.0078715762542385,0.024804747532132496
temp_003_hier_x3,2,6,32,1.006309750386964,0.020702704431721015
temp_003_hier_x3,3,1,1,1.005235365477248,0.1243489874485449
temp_003_hier_x3,3,2,2,1.0042206293431575,0.062237319305003515
temp_003_hier_x3,3,3,4,1.007454034824858,0.04135837984576397
temp_003_hier_x3,3,4,8,1.0071970590626065,0.031026699005047117
temp_003_hier_x3,3,5,16,1.0085326614252854,0.024788488216605904
temp_003_hier_x3,3,6,32,1.0076773421670897,0.020674607294654847
temp_003_hier_x3,4,1,1,1.0045614668655112,0.12443240554954936
temp_003_hier_x3,4,2,2,1.0073654895312625,0.06204302272684068
temp_003_hier_x3,4,3,4,1.0065392435281495,0.04139596833141566
temp_003_hier_x3,4,4,8,1.0055851282238062,0.03107643412098425
temp_003_hier_x3,4,5,16,1.006173486072868,0.024846609794265465
temp_003_hier_x3,4,6,32,1.008443409183238,0.0206589017681248
