config_name,seed,checkpoint_update,boundary,precision,recall,f1,auprc,positive_rate,predicted_positive_rate,threshold,threshold_selection_split
baseline_v9,0,0,fast,1.0,0.4981545275590551,0.6650242259998357,1.0,0.9921875,0.4942626953125,0.2363341972231865,val
baseline_v9,0,0,mid,0.40268456375838924,0.6880040322580645,0.5080251221214236,0.5338690694085947,0.2421875,0.413787841796875,0.255207479596138,val
baseline_v9,0,0,slow,0.36130244207889795,0.32198660714285715,0.34051342578931837,0.3119581157207611,0.0546875,0.048736572265625,0.39689013659954064,val
baseline_v9,0,0,context,0.15737704918032788,0.1875,0.1711229946524064,0.11431417026458707,0.0078125,0.009307861328125,0.4764049395918845,val
baseline_v9,0,0,macro,0.36130244207889795,0.32198660714285715,0.34051342578931837,0.3119581157207611,0.0546875,0.048736572265625,0.39689013659954064,val
baseline_v9,0,1,fast,1.0,0.4979084645669291,0.6648049281314168,1.0,0.9921875,0.4940185546875,0.23692498356103897,val
baseline_v9,0,1,mid,0.4035540480755051,0.6896421370967742,0.5091636431295935,0.5357377326232862,0.2421875,0.41387939453125,0.25586117208004,val
baseline_v9,0,1,slow,0.363125,0.32421875,0.3425707547169811,0.31441402613477004,0.0546875,0.048828125,0.39797179549932477,val
baseline_v9,0,1,context,0.16233766233766234,0.1953125,0.17730496453900707,0.11598038269890468,0.0078125,0.0093994140625,0.47805646389722817,val
baseline_v9,0,1,macro,0.363125,0.32421875,0.3425707547169811,0.31441402613477004,0.0546875,0.048828125,0.39797179549932477,val
baseline_v9,0,100,fast,1.0,0.49707800196850394,0.66406426560927,1.0,0.9921875,0.493194580078125,0.2775009423494339,val
baseline_v9,0,100,mid,0.6135922330097088,0.5972782258064516,0.6053253304386693,0.6938045215694227,0.2421875,0.235748291015625,0.36273255467414856,val
baseline_v9,0,100,slow,0.4921323928377645,0.5061383928571429,0.4990371389270977,0.5125888248151597,0.0546875,0.056243896484375,0.48613399446010586,val
baseline_v9,0,100,context,0.3895705521472393,0.49609375,0.436426116838488,0.42999377684099654,0.0078125,0.00994873046875,0.6517298358678814,val
baseline_v9,0,100,macro,0.4921323928377645,0.5061383928571429,0.4990371389270977,0.5125888248151597,0.0546875,0.056243896484375,0.48613399446010586,val
baseline_v9,0,200,fast,1.0,0.49658587598425197,0.6636249666029554,1.0,0.9921875,0.492706298828125,0.28430894017219543,val
baseline_v9,0,200,mid,0.7372571106730499,0.6597782258064516,0.6963691980316533,0.7955455493234076,0.2421875,0.21673583984375,0.39190775454044346,val
baseline_v9,0,200,slow,0.5935897435897436,0.5167410714285714,0.5525059665871123,0.6225030059046031,0.0546875,0.047607421875,0.584740161895752,val
baseline_v9,0,200,context,0.6103896103896104,0.734375,0.6666666666666666,0.7417049319843821,0.0078125,0.0093994140625,0.8146604889631264,val
baseline_v9,0,200,macro,0.5935897435897436,0.5167410714285714,0.5525059665871123,0.6225030059046031,0.0546875,0.047607421875,0.584740161895752,val
baseline_v9,0,250,fast,1.0,0.4971087598425197,0.6640917122077495,1.0,0.9921875,0.49322509765625,0.2790976017713547,val
baseline_v9,0,250,mid,0.8109353401935187,0.6653225806451613,0.7309476015781823,0.8283350644848816,0.2421875,0.198699951171875,0.40360226631164553,val
baseline_v9,0,250,slow,0.6198347107438017,0.5440848214285714,0.5794947994056463,0.653023381429441,0.0546875,0.048004150390625,0.6115418970584868,val
baseline_v9,0,250,context,0.6580645161290323,0.796875,0.7208480565371025,0.8364475177561794,0.0078125,0.00946044921875,0.8814389240741726,val
baseline_v9,0,250,macro,0.6198347107438017,0.5440848214285714,0.5794947994056463,0.653023381429441,0.0546875,0.048004150390625,0.6115418970584868,val
baseline_v9,1,0,fast,1.0,0.504767470472441,0.6708909919669686,1.0,0.9921875,0.500823974609375,0.24862904101610184,val
baseline_v9,1,0,mid,0.365386164129822,0.5716985887096774,0.44583108141305944,0.438873200865426,0.2421875,0.378936767578125,0.27597827136516573,val
baseline_v9,1,0,slow,0.17961745367603107,0.3353794642857143,0.23394316854807318,0.168201821876032,0.0546875,0.10211181640625,0.37018236219882966,val
baseline_v9,1,0,context,0.06980273141122914,0.1796875,0.10054644808743171,0.04325544134380835,0.0078125,0.020111083984375,0.45597691178321836,val
baseline_v9,1,0,macro,0.17961745367603107,0.3353794642857143,0.23394316854807318,0.168201821876032,0.0546875,0.10211181640625,0.37018236219882966,val
baseline_v9,1,1,fast,1.0,0.5045521653543307,0.6707007931965001,1.0,0.9921875,0.5006103515625,0.24944623559713364,val
baseline_v9,1,1,mid,0.36614268440145104,0.5723286290322581,0.44658571358340304,0.4402684034204552,0.2421875,0.378570556640625,0.2768306595087051,val
baseline_v9,1,1,slow,0.1810293237582286,0.33761160714285715,0.23568367744448773,0.16953157957076595,0.0546875,0.10198974609375,0.3715034991502762,val
baseline_v9,1,1,context,0.0701219512195122,0.1796875,0.10087719298245615,0.04392456825643406,0.0078125,0.02001953125,0.4576581984758377,val
baseline_v9,1,1,macro,0.1810293237582286,0.33761160714285715,0.23568367744448773,0.16953157957076595,0.0546875,0.10198974609375,0.3715034991502762,val
baseline_v9,1,100,fast,1.0,0.5049212598425197,0.671026814911707,1.0,0.9921875,0.5009765625,0.2968198359012604,val
baseline_v9,1,100,mid,0.5171260523584361,0.5650201612903226,0.5400132474257843,0.5930532877047635,0.2421875,0.264617919921875,0.37024199426174165,val
baseline_v9,1,100,slow,0.333628710677891,0.42020089285714285,0.3719436897999506,0.34187217020622146,0.0546875,0.068878173828125,0.49040974795818315,val
baseline_v9,1,100,context,0.2598187311178248,0.3359375,0.29301533219761494,0.25978774046680936,0.0078125,0.010101318359375,0.6502449691295615,val
baseline_v9,1,100,macro,0.333628710677891,0.42020089285714285,0.3719436897999506,0.34187217020622146,0.0546875,0.068878173828125,0.49040974795818315,val
baseline_v9,1,200,fast,1.0,0.5048597440944882,0.6709724890651187,1.0,0.9921875,0.50091552734375,0.30770719051361084,val
baseline_v9,1,200,mid,0.6045312874610406,0.6354586693548387,0.6196092886103944,0.7127055013270751,0.2421875,0.25457763671875,0.396869532763958,val
baseline_v9,1,200,slow,0.43302591128678086,0.5502232142857143,0.4846399606782994,0.4899208690241766,0.0546875,0.069488525390625,0.5477618837356566,val
baseline_v9,1,200,context,0.4588607594936709,0.56640625,0.506993006993007,0.560594892950837,0.0078125,0.0096435546875,0.7875057399272916,val
baseline_v9,1,200,macro,0.43302591128678086,0.5502232142857143,0.4846399606782994,0.4899208690241766,0.0546875,0.069488525390625,0.5477618837356566,val
baseline_v9,1,250,fast,1.0,0.5049212598425197,0.671026814911707,1.0,0.9921875,0.5009765625,0.30367322266101837,val
baseline_v9,1,250,mid,0.7029223093371347,0.6213457661290323,0.6596214300046819,0.7574384179850484,0.2421875,0.214080810546875,0.4170711132884026,val
baseline_v9,1,250,slow,0.4964467005076142,0.5457589285714286,0.5199362041467305,0.5419658227623012,0.0546875,0.06011962890625,0.586820534467697,val
baseline_v9,1,250,context,0.5091463414634146,0.65234375,0.571917808219178,0.6715868879721691,0.0078125,0.010009765625,0.8353658354282372,val
baseline_v9,1,250,macro,0.4964467005076142,0.5457589285714286,0.5199362041467305,0.5419658227623012,0.0546875,0.06011962890625,0.586820534467697,val
baseline_v9,2,0,fast,1.0,0.5073818897637795,0.673196212863206,1.0,0.9921875,0.50341796875,0.24694357067346573,val
baseline_v9,2,0,mid,0.40058896171748837,0.5313760080645161,0.45680550289768723,0.4557452871364196,0.2421875,0.321258544921875,0.2864081060886383,val
baseline_v9,2,0,slow,0.2856388595564942,0.30189732142857145,0.2935431361909929,0.26404257557674315,0.0546875,0.05780029296875,0.39491146624088286,val
baseline_v9,2,0,context,0.182370820668693,0.234375,0.2051282051282051,0.14130888730564997,0.0078125,0.010040283203125,0.4735220181941985,val
baseline_v9,2,0,macro,0.2856388595564942,0.30189732142857145,0.2935431361909929,0.26404257557674315,0.0546875,0.05780029296875,0.39491146624088286,val
baseline_v9,2,1,fast,1.0,0.507443405511811,0.6732503570699856,1.0,0.9921875,0.50347900390625,0.24753092974424362,val
baseline_v9,2,1,mid,0.3920164682717265,0.5519153225806451,0.4584227327437333,0.45711331895394625,0.2421875,0.340972900390625,0.2828740555047989,val
baseline_v9,2,1,slow,0.28624143384290984,0.30301339285714285,0.29438872323122794,0.26605443838020054,0.0546875,0.057891845703125,0.3959822046756744,val
baseline_v9,2,1,context,0.1834862385321101,0.234375,0.20583190394511153,0.14380253460662215,0.0078125,0.009979248046875,0.47494738698005645,val
baseline_v9,2,1,macro,0.28624143384290984,0.30301339285714285,0.29438872323122794,0.26605443838020054,0.0546875,0.057891845703125,0.3959822046756744,val
baseline_v9,2,100,fast,1.0,0.5041830708661418,0.6703746114837233,1.0,0.9921875,0.500244140625,0.28903450071811676,val
baseline_v9,2,100,mid,0.47145397076254447,0.6014364919354839,0.5285714285714286,0.5804798841387068,0.2421875,0.3089599609375,0.34657077103853223,val
baseline_v9,2,100,slow,0.4729559748427673,0.41964285714285715,0.44470727380248376,0.46510011582762684,0.0546875,0.04852294921875,0.5039237529039383,val
baseline_v9,2,100,context,0.4472049689440994,0.5625,0.4982698961937717,0.5303445000498922,0.0078125,0.00982666015625,0.6285205674171433,val
baseline_v9,2,100,macro,0.4729559748427673,0.41964285714285715,0.44470727380248376,0.46510011582762684,0.0546875,0.04852294921875,0.5039237529039383,val
baseline_v9,2,200,fast,1.0,0.5047367125984252,0.6708638240464413,1.0,0.9921875,0.50079345703125,0.29743219912052155,val
baseline_v9,2,200,mid,0.5303104977821587,0.6779233870967742,0.5950998285493059,0.6885688664002507,0.2421875,0.309600830078125,0.36421002477407455,val
baseline_v9,2,200,slow,0.591358024691358,0.5345982142857143,0.5615474794841735,0.6085166602749938,0.0546875,0.0494384765625,0.5546175390481948,val
baseline_v9,2,200,context,0.6118012422360248,0.76953125,0.6816608996539792,0.7963605655314873,0.0078125,0.00982666015625,0.7540008425712574,val
baseline_v9,2,200,macro,0.591358024691358,0.5345982142857143,0.5615474794841735,0.6085166602749938,0.0546875,0.0494384765625,0.5546175390481948,val
baseline_v9,2,250,fast,1.0,0.5048905019685039,0.6709996525435853,1.0,0.9921875,0.500946044921875,0.2939090132713318,val
baseline_v9,2,250,mid,0.6359553445399718,0.6244959677419355,0.6301735647530041,0.7315963466186788,0.2421875,0.237823486328125,0.3944643986225128,val
baseline_v9,2,250,slow,0.630901287553648,0.57421875,0.6012269938650305,0.6536814721716772,0.0546875,0.049774169921875,0.5693665087223051,val
baseline_v9,2,250,context,0.6460176991150443,0.85546875,0.7361344537815127,0.8706191294679052,0.0078125,0.010345458984375,0.7979438507556895,val
baseline_v9,2,250,macro,0.630901287553648,0.57421875,0.6012269938650305,0.6536814721716772,0.0546875,0.049774169921875,0.5693665087223051,val
baseline_v9,3,0,fast,1.0,0.50123031496063,0.6677593837075889,1.0,0.9921875,0.497314453125,0.24313531816005707,val
baseline_v9,3,0,mid,0.380172060630889,0.5846774193548387,0.46075170051139475,0.4435006671281558,0.2421875,0.372467041015625,0.2717195677757263,val
baseline_v9,3,0,slow,0.18735224586288415,0.35379464285714285,0.24497681607418853,0.20507677847831585,0.0546875,0.103271484375,0.3645119220018387,val
baseline_v9,3,0,context,0.14939024390243902,0.19140625,0.16780821917808217,0.07806966944145677,0.0078125,0.010009765625,0.46873486399650544,val
baseline_v9,3,0,macro,0.18735224586288415,0.35379464285714285,0.24497681607418853,0.20507677847831585,0.0546875,0.103271484375,0.3645119220018387,val
baseline_v9,3,1,fast,1.0,0.50123031496063,0.6677593837075889,1.0,0.9921875,0.497314453125,0.24386989325284958,val
baseline_v9,3,1,mid,0.37698128235762646,0.5963961693548387,0.4619589087892246,0.4450578696095461,0.2421875,0.383148193359375,0.2703012156486511,val
baseline_v9,3,1,slow,0.19622766379880874,0.33091517857142855,0.24636476942251762,0.20665159623148951,0.0546875,0.09222412109375,0.37224731683731077,val
baseline_v9,3,1,context,0.15151515151515152,0.1953125,0.17064846416382254,0.07974184054896104,0.0078125,0.01007080078125,0.47046191811561566,val
baseline_v9,3,1,macro,0.19622766379880874,0.33091517857142855,0.24636476942251762,0.20665159623148951,0.0546875,0.09222412109375,0.37224731683731077,val
baseline_v9,3,100,fast,1.0,0.5006459153543307,0.667240566521142,1.0,0.9921875,0.496734619140625,0.2931276857852936,val
baseline_v9,3,100,mid,0.5081551686136213,0.581023185483871,0.5421516754850089,0.5978693985039767,0.2421875,0.27691650390625,0.3626823204755783,val
baseline_v9,3,100,slow,0.46096654275092935,0.34598214285714285,0.39528211667197954,0.3995893297431591,0.0546875,0.041046142578125,0.5165628147125244,val
baseline_v9,3,100,context,0.4110787172011662,0.55078125,0.4707846410684474,0.48130283228744875,0.0078125,0.010467529296875,0.6269308876991264,val
baseline_v9,3,100,macro,0.46096654275092935,0.34598214285714285,0.39528211667197954,0.3995893297431591,0.0546875,0.041046142578125,0.5165628147125244,val
baseline_v9,3,200,fast,1.0,0.5031988188976378,0.6695040104763463,1.0,0.9921875,0.499267578125,0.3021898418664932,val
baseline_v9,3,200,mid,0.6355987055016181,0.6186995967741935,0.6270353106442756,0.7108916591566751,0.2421875,0.235748291015625,0.39903962552547456,val
baseline_v9,3,200,slow,0.5300375469336671,0.47265625,0.4997050147492625,0.5317708258251257,0.0546875,0.04876708984375,0.5589450746774672,val
baseline_v9,3,200,context,0.6646884272997032,0.875,0.7554806070826308,0.8855944311638677,0.0078125,0.010284423828125,0.7608238911628716,val
baseline_v9,3,200,macro,0.5300375469336671,0.47265625,0.4997050147492625,0.5317708258251257,0.0546875,0.04876708984375,0.5589450746774672,val
baseline_v9,3,250,fast,1.0,0.5040600393700787,0.6702658486707567,1.0,0.9921875,0.5001220703125,0.297042116522789,val
baseline_v9,3,250,mid,0.6703852639771696,0.6512096774193549,0.6606583573026527,0.7533613615865338,0.2421875,0.235260009765625,0.3984560614824295,val
baseline_v9,3,250,slow,0.5532307692307692,0.5016741071428571,0.5261925665788704,0.5720400661742089,0.0546875,0.049591064453125,0.5750829637050628,val
baseline_v9,3,250,context,0.7130434782608696,0.9609375,0.8186356073211315,0.9598801373130323,0.0078125,0.010528564453125,0.8068179225921622,val
baseline_v9,3,250,macro,0.5532307692307692,0.5016741071428571,0.5261925665788704,0.5720400661742089,0.0546875,0.049591064453125,0.5750829637050628,val
baseline_v9,4,0,fast,1.0,0.5054749015748031,0.671515547746496,1.0,0.9921875,0.50152587890625,0.2548227608203888,val
baseline_v9,4,0,mid,0.3328382305456894,0.649445564516129,0.44011784296144485,0.41110772817588387,0.2421875,0.472564697265625,0.2610334980487824,val
baseline_v9,4,0,slow,0.28044971892567144,0.2505580357142857,0.26466254052460947,0.22657339881368221,0.0546875,0.048858642578125,0.4120427340269089,val
baseline_v9,4,0,context,0.17667844522968199,0.1953125,0.18552875695732837,0.13723211883658423,0.0078125,0.008636474609375,0.4894750276207922,val
baseline_v9,4,0,macro,0.28044971892567144,0.2505580357142857,0.26466254052460947,0.22657339881368221,0.0546875,0.048858642578125,0.4120427340269089,val
baseline_v9,4,1,fast,1.0,0.5058132381889764,0.6718140408930285,1.0,0.9921875,0.501861572265625,0.25536637008190155,val
baseline_v9,4,1,mid,0.33076291005625436,0.6594002016129032,0.4405438397104012,0.41223678662598456,0.2421875,0.482818603515625,0.2592421519756317,val
baseline_v9,4,1,slow,0.2828535669586984,0.25223214285714285,0.26666666666666666,0.22857217969331292,0.0546875,0.04876708984375,0.4132038205862044,val
baseline_v9,4,1,context,0.1773049645390071,0.1953125,0.18587360594795538,0.14051395573698763,0.0078125,0.00860595703125,0.49089518517255776,val
baseline_v9,4,1,macro,0.2828535669586984,0.25223214285714285,0.26666666666666666,0.22857217969331292,0.0546875,0.04876708984375,0.4132038205862044,val
baseline_v9,4,100,fast,1.0,0.5056594488188977,0.6716783788200686,1.0,0.9921875,0.501708984375,0.2933569997549057,val
baseline_v9,4,100,mid,0.42104779411764703,0.5772429435483871,0.48692602040816324,0.523342340271483,0.2421875,0.33203125,0.3434136712551117,val
baseline_v9,4,100,slow,0.45415384615384613,0.41183035714285715,0.43195785776997364,0.4514439235862331,0.0546875,0.049591064453125,0.49303706139326087,val
baseline_v9,4,100,context,0.4774774774774775,0.62109375,0.5398981324278438,0.5911699629792987,0.0078125,0.010162353515625,0.6213286703824996,val
baseline_v9,4,100,macro,0.45415384615384613,0.41183035714285715,0.43195785776997364,0.4514439235862331,0.0546875,0.049591064453125,0.49303706139326087,val
baseline_v9,4,200,fast,1.0,0.5052288385826772,0.6712983775389267,1.0,0.9921875,0.50128173828125,0.29630064964294434,val
baseline_v9,4,200,mid,0.5053185656321965,0.5806451612903226,0.5403693931398417,0.6101354712397211,0.2421875,0.278289794921875,0.3671619832515717,val
baseline_v9,4,200,slow,0.6587057010785824,0.4771205357142857,0.553398058252427,0.6064183299090736,0.0546875,0.03961181640625,0.5504170298576355,val
baseline_v9,4,200,context,0.7115987460815048,0.88671875,0.7895652173913045,0.9059404125075322,0.0078125,0.009735107421875,0.7420060753822324,val
baseline_v9,4,200,macro,0.6587057010785824,0.4771205357142857,0.553398058252427,0.6064183299090736,0.0546875,0.03961181640625,0.5504170298576355,val
baseline_v9,4,250,fast,1.0,0.5059670275590551,0.6719496752583636,1.0,0.9921875,0.50201416015625,0.2903442233800888,val
baseline_v9,4,250,mid,0.5376173775313949,0.5987903225806451,0.5665573770491803,0.6449367631146695,0.2421875,0.269744873046875,0.36343964129686357,val
baseline_v9,4,250,slow,0.7043413173652695,0.5251116071428571,0.6016624040920716,0.657126123107456,0.0546875,0.040771484375,0.5545681953430176,val
baseline_v9,4,250,context,0.7576687116564417,0.96484375,0.8487972508591065,0.9640490310904191,0.0078125,0.00994873046875,0.7853900957107502,val
baseline_v9,4,250,macro,0.7043413173652695,0.5251116071428571,0.6016624040920716,0.657126123107456,0.0546875,0.040771484375,0.5545681953430176,val
temp_003,0,0,fast,1.0,0.4981545275590551,0.6650242259998357,1.0,0.9921875,0.4942626953125,0.2363341972231865,val
temp_003,0,0,mid,0.40268456375838924,0.6880040322580645,0.5080251221214236,0.5338690694085947,0.2421875,0.413787841796875,0.255207479596138,val
temp_003,0,0,slow,0.36130244207889795,0.32198660714285715,0.34051342578931837,0.3119581157207611,0.0546875,0.048736572265625,0.39689013659954064,val
temp_003,0,0,context,0.15737704918032788,0.1875,0.1711229946524064,0.11431417026458707,0.0078125,0.009307861328125,0.4764049395918845,val
temp_003,0,0,macro,0.36130244207889795,0.32198660714285715,0.34051342578931837,0.3119581157207611,0.0546875,0.048736572265625,0.39689013659954064,val
temp_003,0,1,fast,1.0,0.49806225393700787,0.664941997741505,1.0,0.9921875,0.494171142578125,0.23620181530714035,val
temp_003,0,1,mid,0.4027439699048462,0.6880040322580645,0.5080723956637044,0.5336628640084969,0.2421875,0.413726806640625,0.25503780424594874,val
temp_003,0,1,slow,0.361128526645768,0.32142857142857145,0.3401240035429584,0.3116202315266494,0.0546875,0.048675537109375,0.3966274797916412,val
temp_003,0,1,context,0.15737704918032788,0.1875,0.1711229946524064,0.11401630875688454,0.0078125,0.009307861328125,0.47613093525171274,val
temp_003,0,1,macro,0.361128526645768,0.32142857142857145,0.3401240035429584,0.3116202315266494,0.0546875,0.048675537109375,0.3966274797916412,val
temp_003,0,100,fast,1.0,0.4985236220472441,0.665353037766831,1.0,0.9921875,0.49462890625,0.21963702887296677,val
temp_003,0,100,mid,0.3708663397460078,0.7433215725806451,0.49484103682576963,0.5138827968846879,0.2421875,0.48541259765625,0.22184644699096678,val
temp_003,0,100,slow,0.2851441241685144,0.3588169642857143,0.31776624660242153,0.2875028046083932,0.0546875,0.068817138671875,0.35273719787597646,val
temp_003,0,100,context,0.14381270903010032,0.16796875,0.15495495495495493,0.09091038479822647,0.0078125,0.009124755859375,0.4384017860889435,val
temp_003,0,100,macro,0.2851441241685144,0.3588169642857143,0.31776624660242153,0.2875028046083932,0.0546875,0.068817138671875,0.35273719787597646,val
temp_003,0,200,fast,1.0,0.4982468011811024,0.6651064441296627,1.0,0.9921875,0.494354248046875,0.2023489773273468,val
temp_003,0,200,mid,0.36026915241681584,0.735383064516129,0.48361301015123265,0.4905563957443534,0.2421875,0.494354248046875,0.2023489773273468,val
temp_003,0,200,slow,0.2688219663418955,0.33872767857142855,0.2997530864197531,0.26031860299547765,0.0546875,0.06890869140625,0.3246229162812233,val
temp_003,0,200,context,0.12040133779264214,0.140625,0.1297297297297297,0.07277759012160033,0.0078125,0.009124755859375,0.39948431074619223,val
temp_003,0,200,macro,0.2688219663418955,0.33872767857142855,0.2997530864197531,0.26031860299547765,0.0546875,0.06890869140625,0.3246229162812233,val
temp_003,0,250,fast,1.0,0.49873892716535434,0.6655447698401297,1.0,0.9921875,0.494842529296875,0.19337614625692368,val
temp_003,0,250,mid,0.3546099290780142,0.7245463709677419,0.4761707589747837,0.47833171588078865,0.2421875,0.494842529296875,0.19337614625692368,val
temp_003,0,250,slow,0.24206041828040278,0.34877232142857145,0.2857796067672611,0.2463146598214712,0.0546875,0.07879638671875,0.3053410875797271,val
temp_003,0,250,context,0.10891089108910891,0.12890625,0.11806797853309482,0.0661522261605009,0.0078125,0.009246826171875,0.3800080022215835,val
temp_003,0,250,macro,0.24206041828040278,0.34877232142857145,0.2857796067672611,0.2463146598214712,0.0546875,0.07879638671875,0.3053410875797271,val
temp_003,1,0,fast,1.0,0.504767470472441,0.6708909919669686,1.0,0.9921875,0.500823974609375,0.24862904101610184,val
temp_003,1,0,mid,0.365386164129822,0.5716985887096774,0.44583108141305944,0.438873200865426,0.2421875,0.378936767578125,0.27597827136516573,val
temp_003,1,0,slow,0.17961745367603107,0.3353794642857143,0.23394316854807318,0.168201821876032,0.0546875,0.10211181640625,0.37018236219882966,val
temp_003,1,0,context,0.06980273141122914,0.1796875,0.10054644808743171,0.04325544134380835,0.0078125,0.020111083984375,0.45597691178321836,val
temp_003,1,0,macro,0.17961745367603107,0.3353794642857143,0.23394316854807318,0.168201821876032,0.0546875,0.10211181640625,0.37018236219882966,val
temp_003,1,1,fast,1.0,0.5047059547244095,0.6708366550152287,1.0,0.9921875,0.500762939453125,0.248484805226326,val
temp_003,1,1,mid,0.36530562937907707,0.5715725806451613,0.4457328158011104,0.43879559131692086,0.2421875,0.378936767578125,0.27579178363084794,val
temp_003,1,1,slow,0.179265013444876,0.33482142857142855,0.23350846468184475,0.16815984308419635,0.0546875,0.102142333984375,0.3699209004640579,val
temp_003,1,1,context,0.06980273141122914,0.1796875,0.10054644808743171,0.043203726356721796,0.0078125,0.020111083984375,0.4556954163312912,val
temp_003,1,1,macro,0.179265013444876,0.33482142857142855,0.23350846468184475,0.16815984308419635,0.0546875,0.102142333984375,0.3699209004640579,val
temp_003,1,100,fast,1.0,0.5038139763779528,0.6700482696555674,1.0,0.9921875,0.4998779296875,0.23180413246154785,val
temp_003,1,100,mid,0.34190684236487917,0.6113911290322581,0.4385592262846297,0.4294269343402075,0.2421875,0.433074951171875,0.24516407236456872,val
temp_003,1,100,slow,0.18205980066445182,0.30580357142857145,0.22823823406913785,0.16044376569309618,0.0546875,0.09185791015625,0.3502515709400177,val
temp_003,1,100,context,0.0578386605783866,0.1484375,0.0832420591456736,0.03754554158851071,0.0078125,0.020050048828125,0.4233282607793808,val
temp_003,1,100,macro,0.18205980066445182,0.30580357142857145,0.22823823406913785,0.16044376569309618,0.0546875,0.09185791015625,0.3502515709400177,val
temp_003,1,200,fast,1.0,0.504644438976378,0.6707823136204747,1.0,0.9921875,0.500701904296875,0.21251772344112396,val
temp_003,1,200,mid,0.3370604781997187,0.6039566532258065,0.4326593247878679,0.41825199981657546,0.2421875,0.4339599609375,0.2247383786737919,val
temp_003,1,200,slow,0.1557601393381438,0.34933035714285715,0.21545345035277919,0.15102766817506058,0.0546875,0.122650146484375,0.30742032289505006,val
temp_003,1,200,context,0.04383282364933741,0.16796875,0.06952303961196443,0.03262875044501758,0.0078125,0.029937744140625,0.37176790267229076,val
temp_003,1,200,macro,0.1557601393381438,0.34933035714285715,0.21545345035277919,0.15102766817506058,0.0546875,0.122650146484375,0.30742032289505006,val
temp_003,1,250,fast,1.0,0.5050750492125984,0.6711626100995238,1.0,0.9921875,0.501129150390625,0.2018328309059143,val
temp_003,1,250,mid,0.3205042323853602,0.6631804435483871,0.4321550273022129,0.4118962626699691,0.2421875,0.501129150390625,0.2018328309059143,val
temp_003,1,250,slow,0.1540959040959041,0.3443080357142857,0.21290545203588682,0.1459053669064842,0.0546875,0.1221923828125,0.29323110103607175,val
temp_003,1,250,context,0.04116465863453815,0.16015625,0.06549520766773162,0.030516958510858203,0.0078125,0.0303955078125,0.35489263296127316,val
temp_003,1,250,macro,0.1540959040959041,0.3443080357142857,0.21290545203588682,0.1459053669064842,0.0546875,0.1221923828125,0.29323110103607175,val
temp_003,2,0,fast,1.0,0.5073818897637795,0.673196212863206,1.0,0.9921875,0.50341796875,0.24694357067346573,val
temp_003,2,0,mid,0.40058896171748837,0.5313760080645161,0.45680550289768723,0.4557452871364196,0.2421875,0.321258544921875,0.2864081060886383,val
temp_003,2,0,slow,0.2856388595564942,0.30189732142857145,0.2935431361909929,0.26404257557674315,0.0546875,0.05780029296875,0.39491146624088286,val
temp_003,2,0,context,0.182370820668693,0.234375,0.2051282051282051,0.14130888730564997,0.0078125,0.010040283203125,0.4735220181941985,val
temp_003,2,0,macro,0.2856388595564942,0.30189732142857145,0.2935431361909929,0.26404257557674315,0.0546875,0.05780029296875,0.39491146624088286,val
temp_003,2,1,fast,1.0,0.5073511318897638,0.6731691391025771,1.0,0.9921875,0.503387451171875,0.24676760286092758,val
temp_003,2,1,mid,0.40055091185410335,0.5313760080645161,0.45678076256499134,0.45558973454646184,0.2421875,0.3212890625,0.28620311975479124,val
temp_003,2,1,slow,0.28601583113456464,0.30245535714285715,0.2940059669107675,0.26383069682742155,0.0546875,0.057830810546875,0.39461096704006193,val
temp_003,2,1,context,0.182370820668693,0.234375,0.2051282051282051,0.14116972840689668,0.0078125,0.010040283203125,0.47321558803319924,val
temp_003,2,1,macro,0.28601583113456464,0.30245535714285715,0.2940059669107675,0.26383069682742155,0.0546875,0.057830810546875,0.39461096704006193,val
temp_003,2,100,fast,1.0,0.5074126476377953,0.6732232855189862,1.0,0.9921875,0.503448486328125,0.2295059859752655,val
temp_003,2,100,mid,0.3730510421795503,0.5728326612903226,0.4518437531060531,0.44492202285986526,0.2421875,0.37188720703125,0.255673725605011,val
temp_003,2,100,slow,0.2549194991055456,0.31808035714285715,0.2830188679245283,0.2478160410224084,0.0546875,0.0682373046875,0.35833194285631176,val
temp_003,2,100,context,0.15915915915915915,0.20703125,0.1799660441426146,0.11242518609276926,0.0078125,0.010162353515625,0.438498069345951,val
temp_003,2,100,macro,0.2549194991055456,0.31808035714285715,0.2830188679245283,0.2478160410224084,0.0546875,0.0682373046875,0.35833194285631176,val
temp_003,2,200,fast,1.0,0.5067359744094488,0.6726274317676119,1.0,0.9921875,0.502777099609375,0.21171678602695465,val
temp_003,2,200,mid,0.3517736799229801,0.5985383064516129,0.44311768272773916,0.4337360690348862,0.2421875,0.412078857421875,0.2284376800060272,val
temp_003,2,200,slow,0.22864906832298137,0.3286830357142857,0.26968864468864473,0.23138715334634247,0.0546875,0.07861328125,0.32372803568840025,val
temp_003,2,200,context,0.14285714285714285,0.1796875,0.15916955017301038,0.089152550148969,0.0078125,0.00982666015625,0.40215150147676443,val
temp_003,2,200,macro,0.22864906832298137,0.3286830357142857,0.26968864468864473,0.23138715334634247,0.0546875,0.07861328125,0.32372803568840025,val
temp_003,2,250,fast,1.0,0.5066437007874016,0.6725461375142904,1.0,0.9921875,0.502685546875,0.20240093767642975,val
temp_003,2,250,mid,0.3568700802743356,0.5769909274193549,0.4409881061299177,0.4279760972025558,0.2421875,0.391571044921875,0.22109786093235015,val
temp_003,2,250,slow,0.23784024988844266,0.2974330357142857,0.26431936523679644,0.2235355828929674,0.0546875,0.068389892578125,0.3139913284778595,val
temp_003,2,250,context,0.09554140127388536,0.234375,0.13574660633484165,0.08055648390245233,0.0078125,0.0191650390625,0.36060586929321287,val
temp_003,2,250,macro,0.23784024988844266,0.2974330357142857,0.26431936523679644,0.2235355828929674,0.0546875,0.068389892578125,0.3139913284778595,val
temp_003,3,0,fast,1.0,0.50123031496063,0.6677593837075889,1.0,0.9921875,0.497314453125,0.24313531816005707,val
temp_003,3,0,mid,0.380172060630889,0.5846774193548387,0.46075170051139475,0.4435006671281558,0.2421875,0.372467041015625,0.2717195677757263,val
temp_003,3,0,slow,0.18735224586288415,0.35379464285714285,0.24497681607418853,0.20507677847831585,0.0546875,0.103271484375,0.3645119220018387,val
temp_003,3,0,context,0.14939024390243902,0.19140625,0.16780821917808217,0.07806966944145677,0.0078125,0.010009765625,0.46873486399650544,val
temp_003,3,0,macro,0.18735224586288415,0.35379464285714285,0.24497681607418853,0.20507677847831585,0.0546875,0.103271484375,0.3645119220018387,val
temp_003,3,1,fast,1.0,0.5013533464566929,0.6678685569122347,1.0,0.9921875,0.4974365234375,0.24295900762081146,val
temp_003,3,1,mid,0.3759063022866704,0.5945060483870968,0.4605847610679943,0.4432882512689343,0.2421875,0.383026123046875,0.26930493116378784,val
temp_003,3,1,slow,0.18740762636712976,0.35379464285714285,0.24502415458937196,0.2049319294489074,0.0546875,0.103240966796875,0.3642393320798874,val
temp_003,3,1,context,0.14984709480122324,0.19140625,0.1680960548885077,0.07788385407115948,0.0078125,0.009979248046875,0.46839492261409754,val
temp_003,3,1,macro,0.18740762636712976,0.35379464285714285,0.24502415458937196,0.2049319294489074,0.0546875,0.103240966796875,0.3642393320798874,val
temp_003,3,100,fast,1.0,0.5008304625984252,0.6674044471769649,1.0,0.9921875,0.496917724609375,0.2228516861796379,val
temp_003,3,100,mid,0.36146150500217483,0.6282762096774194,0.45890473999079606,0.42735863116062695,0.2421875,0.42095947265625,0.23822839856147765,val
temp_003,3,100,slow,0.19306569343065694,0.29520089285714285,0.23345101500441306,0.1893867632504696,0.0546875,0.0836181640625,0.3485877513885498,val
temp_003,3,100,context,0.13069908814589665,0.16796875,0.14700854700854699,0.06159120065737828,0.0078125,0.010040283203125,0.4343959566950798,val
temp_003,3,100,macro,0.19306569343065694,0.29520089285714285,0.23345101500441306,0.1893867632504696,0.0546875,0.0836181640625,0.3485877513885498,val
temp_003,3,200,fast,1.0,0.4999384842519685,0.6666119837591765,1.0,0.9921875,0.49603271484375,0.2021169811487198,val
temp_003,3,200,mid,0.34625650607233416,0.6538558467741935,0.45275281389058547,0.4087460384321301,0.2421875,0.45733642578125,0.20907080799341202,val
temp_003,3,200,slow,0.13901262063845582,0.41796875,0.20863509749303616,0.172370595750287,0.0546875,0.1644287109375,0.2834240651130676,val
temp_003,3,200,context,0.09937888198757763,0.125,0.1107266435986159,0.0484612905890687,0.0078125,0.00982666015625,0.3987704974412918,val
temp_003,3,200,macro,0.13901262063845582,0.41796875,0.20863509749303616,0.172370595750287,0.0546875,0.1644287109375,0.2834240651130676,val
temp_003,3,250,fast,1.0,0.49969242125984253,0.6663932072685508,1.0,0.9921875,0.49578857421875,0.19097451865673065,val
temp_003,3,250,mid,0.3405391494563469,0.666960685483871,0.4508709910984283,0.39863050045690357,0.2421875,0.474334716796875,0.19473576188087463,val
temp_003,3,250,slow,0.13423440103684503,0.40457589285714285,0.2015848741832337,0.16321638838456876,0.0546875,0.164825439453125,0.27042334079742436,val
temp_003,3,250,context,0.08974358974358974,0.109375,0.09859154929577464,0.04284052091199335,0.0078125,0.009521484375,0.3811862015724181,val
temp_003,3,250,macro,0.13423440103684503,0.40457589285714285,0.2015848741832337,0.16321638838456876,0.0546875,0.164825439453125,0.27042334079742436,val
temp_003,4,0,fast,1.0,0.5054749015748031,0.671515547746496,1.0,0.9921875,0.50152587890625,0.2548227608203888,val
temp_003,4,0,mid,0.3328382305456894,0.649445564516129,0.44011784296144485,0.41110772817588387,0.2421875,0.472564697265625,0.2610334980487824,val
temp_003,4,0,slow,0.28044971892567144,0.2505580357142857,0.26466254052460947,0.22657339881368221,0.0546875,0.048858642578125,0.4120427340269089,val
temp_003,4,0,context,0.17667844522968199,0.1953125,0.18552875695732837,0.13723211883658423,0.0078125,0.008636474609375,0.4894750276207922,val
temp_003,4,0,macro,0.28044971892567144,0.2505580357142857,0.26466254052460947,0.22657339881368221,0.0546875,0.048858642578125,0.4120427340269089,val
temp_003,4,1,fast,1.0,0.5055364173228346,0.6715698292065048,1.0,0.9921875,0.5015869140625,0.25462664663791656,val
temp_003,4,1,mid,0.3326875887898747,0.6491935483870968,0.4399282725642558,0.4109195362427241,0.2421875,0.47259521484375,0.26082137405872347,val
temp_003,4,1,slow,0.2798251093066833,0.25,0.2640730916592986,0.2262992480664045,0.0546875,0.048858642578125,0.4117663204669952,val
temp_003,4,1,context,0.17667844522968199,0.1953125,0.18552875695732837,0.1369187709554762,0.0078125,0.008636474609375,0.489172541797161,val
temp_003,4,1,macro,0.2798251093066833,0.25,0.2640730916592986,0.2262992480664045,0.0546875,0.048858642578125,0.4117663204669952,val
temp_003,4,100,fast,1.0,0.5055056594488189,0.6715426890309927,1.0,0.9921875,0.501556396484375,0.235788032412529,val
temp_003,4,100,mid,0.3251597201095224,0.6733870967741935,0.43855401912108655,0.40041606470530217,0.2421875,0.501556396484375,0.235788032412529,val
temp_003,4,100,slow,0.2628992628992629,0.23883928571428573,0.25029239766081873,0.20697705421110493,0.0546875,0.0496826171875,0.38320424407720566,val
temp_003,4,100,context,0.14335664335664336,0.16015625,0.15129151291512916,0.10512487670689724,0.0078125,0.00872802734375,0.4555772450566291,val
temp_003,4,100,macro,0.2628992628992629,0.23883928571428573,0.25029239766081873,0.20697705421110493,0.0546875,0.0496826171875,0.38320424407720566,val
temp_003,4,200,fast,1.0,0.5039370078740157,0.6701570680628273,1.0,0.9921875,0.5,0.21789919584989548,val
temp_003,4,200,mid,0.322021484375,0.6648185483870968,0.4338815789473684,0.38878737371871525,0.2421875,0.5,0.21789919584989548,val
temp_003,4,200,slow,0.23032528856243442,0.24497767857142858,0.23742563547863713,0.18795686346798007,0.0546875,0.05816650390625,0.3471615600585937,val
temp_003,4,200,context,0.11785714285714285,0.12890625,0.12313432835820895,0.08014934539361405,0.0078125,0.008544921875,0.42135558784008026,val
temp_003,4,200,macro,0.23032528856243442,0.24497767857142858,0.23742563547863713,0.18795686346798007,0.0546875,0.05816650390625,0.3471615600585937,val
temp_003,4,250,fast,1.0,0.5042138287401575,0.6704017994070137,1.0,0.9921875,0.500274658203125,0.20933832973241806,val
temp_003,4,250,mid,0.3185506008662234,0.6580141129032258,0.4292819269184924,0.3822507677088317,0.2421875,0.500274658203125,0.20933832973241806,val
temp_003,4,250,slow,0.22002085505735142,0.23549107142857142,0.2274932614555256,0.1779916004392068,0.0546875,0.05853271484375,0.33294064342975616,val
temp_003,4,250,context,0.09897610921501707,0.11328125,0.10564663023679416,0.06671814971598018,0.0078125,0.008941650390625,0.40367655575275396,val
temp_003,4,250,macro,0.22002085505735142,0.23549107142857142,0.2274932614555256,0.1779916004392068,0.0546875,0.05853271484375,0.33294064342975616,val
temp_001,0,0,fast,1.0,0.4981545275590551,0.6650242259998357,1.0,0.9921875,0.4942626953125,0.2363341972231865,val
temp_001,0,0,mid,0.40268456375838924,0.6880040322580645,0.5080251221214236,0.5338690694085947,0.2421875,0.413787841796875,0.255207479596138,val
temp_001,0,0,slow,0.36130244207889795,0.32198660714285715,0.34051342578931837,0.3119581157207611,0.0546875,0.048736572265625,0.39689013659954064,val
temp_001,0,0,context,0.15737704918032788,0.1875,0.1711229946524064,0.11431417026458707,0.0078125,0.009307861328125,0.4764049395918845,val
temp_001,0,0,macro,0.36130244207889795,0.32198660714285715,0.34051342578931837,0.3119581157207611,0.0546875,0.048736572265625,0.39689013659954064,val
temp_001,0,1,fast,1.0,0.49806225393700787,0.664941997741505,1.0,0.9921875,0.494171142578125,0.23620162904262543,val
temp_001,0,1,mid,0.4027439699048462,0.6880040322580645,0.5080723956637044,0.5336543909691657,0.2421875,0.413726806640625,0.25503748834133144,val
temp_001,0,1,slow,0.3609022556390977,0.32142857142857145,0.3400236127508855,0.3116106576632604,0.0546875,0.0487060546875,0.3966298103332519,val
temp_001,0,1,context,0.15737704918032788,0.1875,0.1711229946524064,0.11401362941052591,0.0078125,0.009307861328125,0.4761316439509391,val
temp_001,0,1,macro,0.3609022556390977,0.32142857142857145,0.3400236127508855,0.3116106576632604,0.0546875,0.0487060546875,0.3966298103332519,val
temp_001,0,100,fast,1.0,0.49849286417322836,0.6653256429729675,1.0,0.9921875,0.494598388671875,0.21971968561410904,val
temp_001,0,100,mid,0.3708197133517727,0.7433215725806451,0.49479953028015433,0.5137378487152519,0.2421875,0.4854736328125,0.2219393138587475,val
temp_001,0,100,slow,0.2850177304964539,0.3588169642857143,0.3176877470355731,0.28733334674096894,0.0546875,0.06884765625,0.35284172981977446,val
temp_001,0,100,context,0.14381270903010032,0.16796875,0.15495495495495493,0.09086858397045079,0.0078125,0.009124755859375,0.4385521885752676,val
temp_001,0,100,macro,0.2850177304964539,0.3588169642857143,0.3176877470355731,0.28733334674096894,0.0546875,0.06884765625,0.35284172981977446,val
temp_001,0,200,fast,1.0,0.4983390748031496,0.665188652132857,1.0,0.9921875,0.49444580078125,0.20246388018131256,val
temp_001,0,200,mid,0.3602024441426984,0.735383064516129,0.4835529041345597,0.4903841414217993,0.2421875,0.49444580078125,0.20246388018131256,val
temp_001,0,200,slow,0.26929902395740907,0.33872767857142855,0.30004943153732083,0.26003694514914105,0.0546875,0.06878662109375,0.32490638881921763,val
temp_001,0,200,context,0.12040133779264214,0.140625,0.1297297297297297,0.0726997140038908,0.0078125,0.009124755859375,0.39972394078969886,val
temp_001,0,200,macro,0.26929902395740907,0.33872767857142855,0.30004943153732083,0.26003694514914105,0.0546875,0.06878662109375,0.32490638881921763,val
temp_001,0,250,fast,1.0,0.4988619586614173,0.6656543062937349,1.0,0.9921875,0.494964599609375,0.1935742273926735,val
temp_001,0,250,mid,0.35452247364202477,0.7245463709677419,0.4760919064375905,0.4780298790874088,0.2421875,0.494964599609375,0.1935742273926735,val
temp_001,0,250,slow,0.24148606811145512,0.3482142857142857,0.28519195612431447,0.24592573369339707,0.0546875,0.078857421875,0.30560995340347286,val
temp_001,0,250,context,0.10891089108910891,0.12890625,0.11806797853309482,0.06602476283104153,0.0078125,0.009246826171875,0.38030636876821455,val
temp_001,0,250,macro,0.24148606811145512,0.3482142857142857,0.28519195612431447,0.24592573369339707,0.0546875,0.078857421875,0.30560995340347286,val
temp_001,1,0,fast,1.0,0.504767470472441,0.6708909919669686,1.0,0.9921875,0.500823974609375,0.24862904101610184,val
temp_001,1,0,mid,0.365386164129822,0.5716985887096774,0.44583108141305944,0.438873200865426,0.2421875,0.378936767578125,0.27597827136516573,val
temp_001,1,0,slow,0.17961745367603107,0.3353794642857143,0.23394316854807318,0.168201821876032,0.0546875,0.10211181640625,0.37018236219882966,val
temp_001,1,0,context,0.06980273141122914,0.1796875,0.10054644808743171,0.04325544134380835,0.0078125,0.020111083984375,0.45597691178321836,val
temp_001,1,0,macro,0.17961745367603107,0.3353794642857143,0.23394316854807318,0.168201821876032,0.0546875,0.10211181640625,0.37018236219882966,val
temp_001,1,1,fast,1.0,0.5047059547244095,0.6708366550152287,1.0,0.9921875,0.500762939453125,0.2484850063920021,val
temp_001,1,1,mid,0.36530562937907707,0.5715725806451613,0.4457328158011104,0.4387961948064503,0.2421875,0.378936767578125,0.27579174280166624,val
temp_001,1,1,slow,0.179265013444876,0.33482142857142855,0.23350846468184475,0.16816158133122627,0.0546875,0.102142333984375,0.3699209421873092,val
temp_001,1,1,context,0.06990881458966565,0.1796875,0.10065645514223194,0.04320386053759212,0.0078125,0.02008056640625,0.4556986665725708,val
temp_001,1,1,macro,0.179265013444876,0.33482142857142855,0.23350846468184475,0.16816158133122627,0.0546875,0.102142333984375,0.3699209421873092,val
temp_001,1,100,fast,1.0,0.503783218503937,0.6700210672720951,1.0,0.9921875,0.499847412109375,0.231873519718647,val
temp_001,1,100,mid,0.3418363751673596,0.6112651209677419,0.4384688389750079,0.42929400319604444,0.2421875,0.433074951171875,0.24526242554187777,val
temp_001,1,100,slow,0.18205980066445182,0.30580357142857145,0.22823823406913785,0.1603367432130242,0.0546875,0.09185791015625,0.3503665879368782,val
temp_001,1,100,context,0.0578386605783866,0.1484375,0.0832420591456736,0.037505379692304906,0.0078125,0.020050048828125,0.4235162591934204,val
temp_001,1,100,macro,0.18205980066445182,0.30580357142857145,0.22823823406913785,0.1603367432130242,0.0546875,0.09185791015625,0.3503665879368782,val
temp_001,1,200,fast,1.0,0.504644438976378,0.6707823136204747,1.0,0.9921875,0.500701904296875,0.212705560028553,val
temp_001,1,200,mid,0.3371790362293352,0.6039566532258065,0.43275698614058056,0.4179980846672759,0.2421875,0.433807373046875,0.22493770956993103,val
temp_001,1,200,slow,0.17518248175182483,0.29464285714285715,0.21972534332084895,0.15081686768159028,0.0546875,0.09197998046875,0.3217774543166161,val
temp_001,1,200,context,0.04383282364933741,0.16796875,0.06952303961196443,0.03256751886357366,0.0078125,0.029937744140625,0.37211512804031366,val
temp_001,1,200,macro,0.17518248175182483,0.29464285714285715,0.21972534332084895,0.15081686768159028,0.0546875,0.09197998046875,0.3217774543166161,val
temp_001,1,250,fast,1.0,0.5049520177165354,0.6710539761695518,1.0,0.9921875,0.501007080078125,0.2020900547504425,val
temp_001,1,250,mid,0.32039958579521227,0.6628024193548387,0.4319796328994374,0.4116487086827724,0.2421875,0.501007080078125,0.2020900547504425,val
temp_001,1,250,slow,0.1540959040959041,0.3443080357142857,0.21290545203588682,0.14569468703839325,0.0546875,0.1221923828125,0.2935642445087433,val
temp_001,1,250,context,0.04120603015075377,0.16015625,0.06554756195043965,0.030479272135115074,0.0078125,0.030364990234375,0.35532909393310547,val
temp_001,1,250,macro,0.1540959040959041,0.3443080357142857,0.21290545203588682,0.14569468703839325,0.0546875,0.1221923828125,0.2935642445087433,val
temp_001,2,0,fast,1.0,0.5073818897637795,0.673196212863206,1.0,0.9921875,0.50341796875,0.24694357067346573,val
temp_001,2,0,mid,0.40058896171748837,0.5313760080645161,0.45680550289768723,0.4557452871364196,0.2421875,0.321258544921875,0.2864081060886383,val
temp_001,2,0,slow,0.2856388595564942,0.30189732142857145,0.2935431361909929,0.26404257557674315,0.0546875,0.05780029296875,0.39491146624088286,val
temp_001,2,0,context,0.182370820668693,0.234375,0.2051282051282051,0.14130888730564997,0.0078125,0.010040283203125,0.4735220181941985,val
temp_001,2,0,macro,0.2856388595564942,0.30189732142857145,0.2935431361909929,0.26404257557674315,0.0546875,0.05780029296875,0.39491146624088286,val
temp_001,2,1,fast,1.0,0.5074126476377953,0.6732232855189862,1.0,0.9921875,0.503448486328125,0.24676139652729034,val
temp_001,2,1,mid,0.40055091185410335,0.5313760080645161,0.45678076256499134,0.4555871703160699,0.2421875,0.3212890625,0.2862049233913421,val
temp_001,2,1,slow,0.28601583113456464,0.30245535714285715,0.2940059669107675,0.2638291183879053,0.0546875,0.057830810546875,0.39461126565933224,val
temp_001,2,1,context,0.182370820668693,0.234375,0.2051282051282051,0.14116703045981516,0.0078125,0.010040283203125,0.47322487264871593,val
temp_001,2,1,macro,0.28601583113456464,0.30245535714285715,0.2940059669107675,0.2638291183879053,0.0546875,0.057830810546875,0.39461126565933224,val
temp_001,2,100,fast,1.0,0.507320374015748,0.6731420642370322,1.0,0.9921875,0.50335693359375,0.22964251786470413,val
temp_001,2,100,mid,0.3929298537849343,0.5350302419354839,0.45309998932878026,0.44472100857986596,0.2421875,0.32977294921875,0.26361520767211916,val
temp_001,2,100,slow,0.2550335570469799,0.31808035714285715,0.28308914824931714,0.24755498608763368,0.0546875,0.068206787109375,0.35851041346788404,val
temp_001,2,100,context,0.15963855421686746,0.20703125,0.18027210884353742,0.11227204542664508,0.0078125,0.0101318359375,0.43868146866559965,val
temp_001,2,100,macro,0.2550335570469799,0.31808035714285715,0.28308914824931714,0.24755498608763368,0.0546875,0.068206787109375,0.35851041346788404,val
temp_001,2,200,fast,1.0,0.5067667322834646,0.6726545276394219,1.0,0.9921875,0.5028076171875,0.21188504993915558,val
temp_001,2,200,mid,0.35167765350714764,0.5982862903225806,0.4429724308438681,0.4334968734633805,0.2421875,0.412017822265625,0.22862224131822584,val
temp_001,2,200,slow,0.2285603414823438,0.3286830357142857,0.26962691691462576,0.23105639927820953,0.0546875,0.078643798828125,0.3239813685417175,val
temp_001,2,200,context,0.14285714285714285,0.1796875,0.15916955017301038,0.08897793372978362,0.0078125,0.00982666015625,0.4024461612105369,val
temp_001,2,200,macro,0.2285603414823438,0.3286830357142857,0.26962691691462576,0.23105639927820953,0.0546875,0.078643798828125,0.3239813685417175,val
temp_001,2,250,fast,1.0,0.5066437007874016,0.6725461375142904,1.0,0.9921875,0.502685546875,0.2026410549879074,val
temp_001,2,250,mid,0.35679763018397254,0.5767389112903226,0.4408591793488731,0.4276286211970306,0.2421875,0.3914794921875,0.221367025077343,val
temp_001,2,250,slow,0.2371823450735622,0.296875,0.2636926889714994,0.22313066128877201,0.0546875,0.068450927734375,0.31430589795112607,val
temp_001,2,250,context,0.09569377990430622,0.234375,0.13590033975084936,0.08040337709157314,0.0078125,0.019134521484375,0.36097659707069396,val
temp_001,2,250,macro,0.2371823450735622,0.296875,0.2636926889714994,0.22313066128877201,0.0546875,0.068450927734375,0.31430589795112607,val
temp_001,3,0,fast,1.0,0.50123031496063,0.6677593837075889,1.0,0.9921875,0.497314453125,0.24313531816005707,val
temp_001,3,0,mid,0.380172060630889,0.5846774193548387,0.46075170051139475,0.4435006671281558,0.2421875,0.372467041015625,0.2717195677757263,val
temp_001,3,0,slow,0.18735224586288415,0.35379464285714285,0.24497681607418853,0.20507677847831585,0.0546875,0.103271484375,0.3645119220018387,val
temp_001,3,0,context,0.14939024390243902,0.19140625,0.16780821917808217,0.07806966944145677,0.0078125,0.010009765625,0.46873486399650544,val
temp_001,3,0,macro,0.18735224586288415,0.35379464285714285,0.24497681607418853,0.20507677847831585,0.0546875,0.103271484375,0.3645119220018387,val
temp_001,3,1,fast,1.0,0.5012918307086615,0.6678139725466092,1.0,0.9921875,0.49737548828125,0.2429649531841278,val
temp_001,3,1,mid,0.3759063022866704,0.5945060483870968,0.4605847610679943,0.44328840756885535,0.2421875,0.383026123046875,0.26930494725704196,val
temp_001,3,1,slow,0.18740762636712976,0.35379464285714285,0.24502415458937196,0.20493353585751223,0.0546875,0.103240966796875,0.36423940062522886,val
temp_001,3,1,context,0.14984709480122324,0.19140625,0.1680960548885077,0.07788382112914181,0.0078125,0.009979248046875,0.46839491307735437,val
temp_001,3,1,macro,0.18740762636712976,0.35379464285714285,0.24502415458937196,0.20493353585751223,0.0546875,0.103240966796875,0.36423940062522886,val
temp_001,3,100,fast,1.0,0.5006459153543307,0.667240566521142,1.0,0.9921875,0.496734619140625,0.22295255213975906,val
temp_001,3,100,mid,0.3614091040881415,0.6282762096774194,0.458862506902264,0.4273051766948927,0.2421875,0.4210205078125,0.23831859737634653,val
temp_001,3,100,slow,0.19313618108798833,0.29520089285714285,0.233502538071066,0.18932772926786856,0.0546875,0.083587646484375,0.34870198130607605,val
temp_001,3,100,context,0.13069908814589665,0.16796875,0.14700854700854699,0.06155689496489527,0.0078125,0.010040283203125,0.43451191842556,val
temp_001,3,100,macro,0.19313618108798833,0.29520089285714285,0.233502538071066,0.18932772926786856,0.0546875,0.083587646484375,0.34870198130607605,val
temp_001,3,200,fast,1.0,0.5001845472440944,0.666830688481568,1.0,0.9921875,0.49627685546875,0.20226915925741196,val
temp_001,3,200,mid,0.34614614614614614,0.6536038306451613,0.4525980541861175,0.40863164858364565,0.2421875,0.457305908203125,0.20929029256105425,val
temp_001,3,200,slow,0.138801261829653,0.4174107142857143,0.20832753098454254,0.1722207012137063,0.0546875,0.164459228515625,0.2836593222618104,val
temp_001,3,200,context,0.09937888198757763,0.125,0.1107266435986159,0.04835592950000903,0.0078125,0.00982666015625,0.39904632329940787,val
temp_001,3,200,macro,0.138801261829653,0.4174107142857143,0.20832753098454254,0.1722207012137063,0.0546875,0.164459228515625,0.2836593222618104,val
temp_001,3,250,fast,1.0,0.4995386318897638,0.666256435501405,1.0,0.9921875,0.495635986328125,0.19124523550271988,val
temp_001,3,250,mid,0.3404748118123914,0.6668346774193549,0.4507858085949146,0.398456657112185,0.2421875,0.474334716796875,0.19499850451946257,val
temp_001,3,250,slow,0.13434492968171724,0.40513392857142855,0.20177876598110062,0.16304399221882057,0.0546875,0.1649169921875,0.27070132493972776,val
temp_001,3,250,context,0.08974358974358974,0.109375,0.09859154929577464,0.04276730428056383,0.0078125,0.009521484375,0.3815195679664611,val
temp_001,3,250,macro,0.13434492968171724,0.40513392857142855,0.20177876598110062,0.16304399221882057,0.0546875,0.1649169921875,0.27070132493972776,val
temp_001,4,0,fast,1.0,0.5054749015748031,0.671515547746496,1.0,0.9921875,0.50152587890625,0.2548227608203888,val
temp_001,4,0,mid,0.3328382305456894,0.649445564516129,0.44011784296144485,0.41110772817588387,0.2421875,0.472564697265625,0.2610334980487824,val
temp_001,4,0,slow,0.28044971892567144,0.2505580357142857,0.26466254052460947,0.22657339881368221,0.0546875,0.048858642578125,0.4120427340269089,val
temp_001,4,0,context,0.17667844522968199,0.1953125,0.18552875695732837,0.13723211883658423,0.0078125,0.008636474609375,0.4894750276207922,val
temp_001,4,0,macro,0.28044971892567144,0.2505580357142857,0.26466254052460947,0.22657339881368221,0.0546875,0.048858642578125,0.4120427340269089,val
temp_001,4,1,fast,1.0,0.5055364173228346,0.6715698292065048,1.0,0.9921875,0.5015869140625,0.25462666153907776,val
temp_001,4,1,mid,0.3326875887898747,0.6491935483870968,0.4399282725642558,0.410919580642839,0.2421875,0.47259521484375,0.2608213892579079,val
temp_001,4,1,slow,0.2798251093066833,0.25,0.2640730916592986,0.22629944129967236,0.0546875,0.048858642578125,0.41176654994487755,val
temp_001,4,1,context,0.17667844522968199,0.1953125,0.18552875695732837,0.1369187813266867,0.0078125,0.008636474609375,0.4891725519299506,val
temp_001,4,1,macro,0.2798251093066833,0.25,0.2640730916592986,0.22629944129967236,0.0546875,0.048858642578125,0.41176654994487755,val
temp_001,4,100,fast,1.0,0.5055056594488189,0.6715426890309927,1.0,0.9921875,0.501556396484375,0.23588556796312332,val
temp_001,4,100,mid,0.3251597201095224,0.6733870967741935,0.43855401912108655,0.4003566483674618,0.2421875,0.501556396484375,0.23588556796312332,val
temp_001,4,100,slow,0.2628992628992629,0.23883928571428573,0.25029239766081873,0.20685661579530892,0.0546875,0.0496826171875,0.383346615731716,val
temp_001,4,100,context,0.14335664335664336,0.16015625,0.15129151291512916,0.10502340114234361,0.0078125,0.00872802734375,0.4557222846150397,val
temp_001,4,100,macro,0.2628992628992629,0.23883928571428573,0.25029239766081873,0.20685661579530892,0.0546875,0.0496826171875,0.383346615731716,val
temp_001,4,200,fast,1.0,0.5038447342519685,0.6700754709263085,1.0,0.9921875,0.499908447265625,0.21807856112718582,val
temp_001,4,200,mid,0.32183627373176243,0.6643145161290323,0.4336061191758852,0.38856463535122593,0.2421875,0.499908447265625,0.21807856112718582,val
temp_001,4,200,slow,0.23032528856243442,0.24497767857142858,0.23742563547863713,0.1876610800414694,0.0546875,0.05816650390625,0.34742468178272246,val
temp_001,4,200,context,0.11785714285714285,0.12890625,0.12313432835820895,0.08003916907634767,0.0078125,0.008544921875,0.4216549620032308,val
temp_001,4,200,macro,0.23032528856243442,0.24497767857142858,0.23742563547863713,0.1876610800414694,0.0546875,0.05816650390625,0.34742468178272246,val
temp_001,4,250,fast,1.0,0.504152312992126,0.6703474224485206,1.0,0.9921875,0.500213623046875,0.20957668870687485,val
temp_001,4,250,mid,0.31852846074065033,0.6578881048387096,0.42923500637152134,0.3820647493139286,0.2421875,0.500213623046875,0.20957668870687485,val
temp_001,4,250,slow,0.21949947862356622,0.23493303571428573,0.22695417789757416,0.1776946600483527,0.0546875,0.05853271484375,0.3333057129383087,val
temp_001,4,250,context,0.09897610921501707,0.11328125,0.10564663023679416,0.06658993667201761,0.0078125,0.008941650390625,0.40409669429063777,val
temp_001,4,250,macro,0.21949947862356622,0.23493303571428573,0.22695417789757416,0.1776946600483527,0.0546875,0.05853271484375,0.3333057129383087,val
hier_x3,0,0,fast,1.0,0.4981545275590551,0.6650242259998357,1.0,0.9921875,0.4942626953125,0.2363341972231865,val
hier_x3,0,0,mid,0.40268456375838924,0.6880040322580645,0.5080251221214236,0.5338690694085947,0.2421875,0.413787841796875,0.255207479596138,val
hier_x3,0,0,slow,0.36130244207889795,0.32198660714285715,0.34051342578931837,0.3119581157207611,0.0546875,0.048736572265625,0.39689013659954064,val
hier_x3,0,0,context,0.15737704918032788,0.1875,0.1711229946524064,0.11431417026458707,0.0078125,0.009307861328125,0.4764049395918845,val
hier_x3,0,0,macro,0.36130244207889795,0.32198660714285715,0.34051342578931837,0.3119581157207611,0.0546875,0.048736572265625,0.39689013659954064,val
hier_x3,0,1,fast,1.0,0.4982775590551181,0.6651338479224832,1.0,0.9921875,0.494384765625,0.23615067452192307,val
hier_x3,0,1,mid,0.40271426464080246,0.6880040322580645,0.5080487577928724,0.5336631691899628,0.2421875,0.41375732421875,0.25503197133541106,val
hier_x3,0,1,slow,0.3609022556390977,0.32142857142857145,0.3400236127508855,0.3116078785976955,0.0546875,0.0487060546875,0.3965988203883171,val
hier_x3,0,1,context,0.15737704918032788,0.1875,0.1711229946524064,0.11450572110104332,0.0078125,0.009307861328125,0.47611059874296174,val
hier_x3,0,1,macro,0.3609022556390977,0.32142857142857145,0.3400236127508855,0.3116078785976955,0.0546875,0.0487060546875,0.3965988203883171,val
hier_x3,0,100,fast,1.0,0.4992925688976378,0.666037542312032,1.0,0.9921875,0.495391845703125,0.21800871938467026,val
hier_x3,0,100,mid,0.3889286737324549,0.6843497983870968,0.4959817351598173,0.515581473853668,0.2421875,0.4261474609375,0.2329544445872307,val
hier_x3,0,100,slow,0.3089770354906054,0.33035714285714285,0.3193096008629989,0.2882044479123854,0.0546875,0.0584716796875,0.3582776838541031,val
hier_x3,0,100,context,0.14715719063545152,0.171875,0.15855855855855858,0.09374353516919559,0.0078125,0.009124755859375,0.43564605236053455,val
hier_x3,0,100,macro,0.3089770354906054,0.33035714285714285,0.3193096008629989,0.2882044479123854,0.0546875,0.0584716796875,0.3582776838541031,val
hier_x3,0,200,fast,1.0,0.4978161909448819,0.6647226728545906,1.0,0.9921875,0.493927001953125,0.1996622160077095,val
hier_x3,0,200,mid,0.3679319371727749,0.7084173387096774,0.4843211578221916,0.4942843802847267,0.2421875,0.46630859375,0.2055616654455662,val
hier_x3,0,200,slow,0.26974267968056787,0.3392857142857143,0.30054374691052893,0.26261131282056055,0.0546875,0.06878662109375,0.3213412100076674,val
hier_x3,0,200,context,0.12211221122112212,0.14453125,0.1323792486583184,0.07636991657359542,0.0078125,0.009246826171875,0.396020675003528,val
hier_x3,0,200,macro,0.26974267968056787,0.3392857142857143,0.30054374691052893,0.26261131282056055,0.0546875,0.06878662109375,0.3213412100076674,val
hier_x3,0,250,fast,1.0,0.4986158956692913,0.6654352154013505,1.0,0.9921875,0.494720458984375,0.19042405486106873,val
hier_x3,0,250,mid,0.3630285152409046,0.6978326612903226,0.47759906860419993,0.4829789046553421,0.2421875,0.465545654296875,0.19589061960577966,val
hier_x3,0,250,slow,0.2768595041322314,0.29910714285714285,0.2875536480686695,0.24936358773929715,0.0546875,0.05908203125,0.3126244789361954,val
hier_x3,0,250,context,0.1178343949044586,0.14453125,0.1298245614035088,0.06978532966831505,0.0078125,0.00958251953125,0.37604086667299175,val
hier_x3,0,250,macro,0.2768595041322314,0.29910714285714285,0.2875536480686695,0.24936358773929715,0.0546875,0.05908203125,0.3126244789361954,val
hier_x3,1,0,fast,1.0,0.504767470472441,0.6708909919669686,1.0,0.9921875,0.500823974609375,0.24862904101610184,val
hier_x3,1,0,mid,0.365386164129822,0.5716985887096774,0.44583108141305944,0.438873200865426,0.2421875,0.378936767578125,0.27597827136516573,val
hier_x3,1,0,slow,0.17961745367603107,0.3353794642857143,0.23394316854807318,0.168201821876032,0.0546875,0.10211181640625,0.37018236219882966,val
hier_x3,1,0,context,0.06980273141122914,0.1796875,0.10054644808743171,0.04325544134380835,0.0078125,0.020111083984375,0.45597691178321836,val
hier_x3,1,0,macro,0.17961745367603107,0.3353794642857143,0.23394316854807318,0.168201821876032,0.0546875,0.10211181640625,0.37018236219882966,val
hier_x3,1,1,fast,1.0,0.5045521653543307,0.6707007931965001,1.0,0.9921875,0.5006103515625,0.24847028404474258,val
hier_x3,1,1,mid,0.36544502617801045,0.5716985887096774,0.44587489558252663,0.4388074481011234,0.2421875,0.378875732421875,0.2757795223593712,val
hier_x3,1,1,slow,0.17921146953405018,0.33482142857142855,0.23346303501945526,0.16816291247581067,0.0546875,0.1021728515625,0.3698848724365234,val
hier_x3,1,1,context,0.06880733944954129,0.17578125,0.09890109890109891,0.043201263293416475,0.0078125,0.01995849609375,0.4557263922691345,val
hier_x3,1,1,macro,0.17921146953405018,0.33482142857142855,0.23346303501945526,0.16816291247581067,0.0546875,0.1021728515625,0.3698848724365234,val
hier_x3,1,100,fast,1.0,0.503660187007874,0.669912246609528,1.0,0.9921875,0.499725341796875,0.23016197979450226,val
hier_x3,1,100,mid,0.3475448397530138,0.5957661290322581,0.4389972144846797,0.43079924880853926,0.2421875,0.4151611328125,0.24767652094364162,val
hier_x3,1,100,slow,0.1756998213222156,0.32924107142857145,0.22912621359223304,0.16095319678377631,0.0546875,0.10247802734375,0.34196394979953765,val
hier_x3,1,100,context,0.049796747967479675,0.19140625,0.07903225806451612,0.03742678454283809,0.0078125,0.030029296875,0.4013565555214882,val
hier_x3,1,100,macro,0.1756998213222156,0.32924107142857145,0.22912621359223304,0.16095319678377631,0.0546875,0.10247802734375,0.34196394979953765,val
hier_x3,1,200,fast,1.0,0.5039985236220472,0.6702114605914352,1.0,0.9921875,0.50006103515625,0.21025006473064423,val
hier_x3,1,200,mid,0.3222262907359941,0.6653225806451613,0.4341748211495765,0.4223562492510972,0.2421875,0.50006103515625,0.21025006473064423,val
hier_x3,1,200,slow,0.16885050625372244,0.31640625,0.22019417475728154,0.15285433956844172,0.0546875,0.10247802734375,0.31278603076934813,val
hier_x3,1,200,context,0.04900459418070444,0.125,0.07040704070407042,0.03317641742634634,0.0078125,0.019927978515625,0.38578027427196504,val
hier_x3,1,200,macro,0.16885050625372244,0.31640625,0.22019417475728154,0.15285433956844172,0.0546875,0.10247802734375,0.31278603076934813,val
hier_x3,1,250,fast,1.0,0.5048905019685039,0.6709996525435853,1.0,0.9921875,0.500946044921875,0.19977539777755737,val
hier_x3,1,250,mid,0.32007310386841303,0.6620463709677419,0.43152231941193375,0.41816394585352806,0.2421875,0.500946044921875,0.19977539777755737,val
hier_x3,1,250,slow,0.16785714285714284,0.31473214285714285,0.21894409937888198,0.148987653239838,0.0546875,0.1025390625,0.298080712556839,val
hier_x3,1,250,context,0.04776579352850539,0.12109375,0.06850828729281767,0.03167028815353885,0.0078125,0.019805908203125,0.3675928556919098,val
hier_x3,1,250,macro,0.16785714285714284,0.31473214285714285,0.21894409937888198,0.148987653239838,0.0546875,0.1025390625,0.298080712556839,val
hier_x3,2,0,fast,1.0,0.5073818897637795,0.673196212863206,1.0,0.9921875,0.50341796875,0.24694357067346573,val
hier_x3,2,0,mid,0.40058896171748837,0.5313760080645161,0.45680550289768723,0.4557452871364196,0.2421875,0.321258544921875,0.2864081060886383,val
hier_x3,2,0,slow,0.2856388595564942,0.30189732142857145,0.2935431361909929,0.26404257557674315,0.0546875,0.05780029296875,0.39491146624088286,val
hier_x3,2,0,context,0.182370820668693,0.234375,0.2051282051282051,0.14130888730564997,0.0078125,0.010040283203125,0.4735220181941985,val
hier_x3,2,0,macro,0.2856388595564942,0.30189732142857145,0.2935431361909929,0.26404257557674315,0.0546875,0.05780029296875,0.39491146624088286,val
hier_x3,2,1,fast,1.0,0.5074126476377953,0.6732232855189862,1.0,0.9921875,0.503448486328125,0.24674895405769348,val
hier_x3,2,1,mid,0.3911643713110356,0.5511592741935484,0.4575792446908672,0.4556013342289424,0.2421875,0.34124755859375,0.2818290275335312,val
hier_x3,2,1,slow,0.2856388595564942,0.30189732142857145,0.2935431361909929,0.26387416684972875,0.0546875,0.05780029296875,0.3945908641815185,val
hier_x3,2,1,context,0.182370820668693,0.234375,0.2051282051282051,0.14121130044482386,0.0078125,0.010040283203125,0.4731362754106521,val
hier_x3,2,1,macro,0.2856388595564942,0.30189732142857145,0.2935431361909929,0.26387416684972875,0.0546875,0.05780029296875,0.3945908641815185,val
hier_x3,2,100,fast,1.0,0.5080278051181102,0.6737645067205124,1.0,0.9921875,0.504058837890625,0.22915952652692795,val
hier_x3,2,100,mid,0.3719381883938846,0.5701864919354839,0.4502039598049945,0.4436255002250454,0.2421875,0.37127685546875,0.2552145391702652,val
hier_x3,2,100,slow,0.2524401064773736,0.31752232142857145,0.2812654473554128,0.2469092563838868,0.0546875,0.06878662109375,0.3569334670901297,val
hier_x3,2,100,context,0.11587301587301588,0.28515625,0.16478555304740405,0.11225725923584913,0.0078125,0.01922607421875,0.41151659190654755,val
hier_x3,2,100,macro,0.2524401064773736,0.31752232142857145,0.2812654473554128,0.2469092563838868,0.0546875,0.06878662109375,0.3569334670901297,val
hier_x3,2,200,fast,1.0,0.5064283956692913,0.6723564121934786,1.0,0.9921875,0.502471923828125,0.21050137281417847,val
hier_x3,2,200,mid,0.3737515332048362,0.5375504032258065,0.4409302325581395,0.4318810111695446,0.2421875,0.34832763671875,0.2380339041352272,val
hier_x3,2,200,slow,0.22894838960031044,0.32924107142857145,0.2700846875715267,0.23134026586184686,0.0546875,0.078643798828125,0.32178207516670226,val
hier_x3,2,200,context,0.14285714285714285,0.17578125,0.15761821366024517,0.09236303865571519,0.0078125,0.009613037109375,0.3987738952040671,val
hier_x3,2,200,macro,0.22894838960031044,0.32924107142857145,0.2700846875715267,0.23134026586184686,0.0546875,0.078643798828125,0.32178207516670226,val
hier_x3,2,250,fast,1.0,0.5054441437007874,0.6714884053529471,1.0,0.9921875,0.501495361328125,0.2007431536912918,val
hier_x3,2,250,mid,0.35168530538828496,0.5666582661290323,0.43401051971239685,0.4259998126590988,0.2421875,0.390228271484375,0.2208261676132679,val
hier_x3,2,250,slow,0.23733333333333334,0.29799107142857145,0.2642256308758041,0.2237503066588165,0.0546875,0.06866455078125,0.3120265313982963,val
hier_x3,2,250,context,0.10883280757097792,0.26953125,0.1550561797752809,0.08404902155675929,0.0078125,0.01934814453125,0.3576035499572754,val
hier_x3,2,250,macro,0.23733333333333334,0.29799107142857145,0.2642256308758041,0.2237503066588165,0.0546875,0.06866455078125,0.3120265313982963,val
hier_x3,3,0,fast,1.0,0.50123031496063,0.6677593837075889,1.0,0.9921875,0.497314453125,0.24313531816005707,val
hier_x3,3,0,mid,0.380172060630889,0.5846774193548387,0.46075170051139475,0.4435006671281558,0.2421875,0.372467041015625,0.2717195677757263,val
hier_x3,3,0,slow,0.18735224586288415,0.35379464285714285,0.24497681607418853,0.20507677847831585,0.0546875,0.103271484375,0.3645119220018387,val
hier_x3,3,0,context,0.14939024390243902,0.19140625,0.16780821917808217,0.07806966944145677,0.0078125,0.010009765625,0.46873486399650544,val
hier_x3,3,0,macro,0.18735224586288415,0.35379464285714285,0.24497681607418853,0.20507677847831585,0.0546875,0.103271484375,0.3645119220018387,val
hier_x3,3,1,fast,1.0,0.5011687992125984,0.6677047903946236,1.0,0.9921875,0.49725341796875,0.24293342232704163,val
hier_x3,3,1,mid,0.37598597721297106,0.5946320564516129,0.460682383950798,0.4433300148189407,0.2421875,0.383026123046875,0.26927610754966735,val
hier_x3,3,1,slow,0.18722271517302574,0.35323660714285715,0.24473226367678327,0.2049419096351604,0.0546875,0.103179931640625,0.36422487497329714,val
hier_x3,3,1,context,0.14893617021276595,0.19140625,0.1675213675213675,0.0778994457234318,0.0078125,0.010040283203125,0.4683111721277235,val
hier_x3,3,1,macro,0.18722271517302574,0.35323660714285715,0.24473226367678327,0.2049419096351604,0.0546875,0.103179931640625,0.36422487497329714,val
hier_x3,3,100,fast,1.0,0.5021838090551181,0.668605008292553,1.0,0.9921875,0.498260498046875,0.22115007787942886,val
hier_x3,3,100,mid,0.36231042740004354,0.6291582661290323,0.4598241009347516,0.4270120096939761,0.2421875,0.420562744140625,0.23687376558780668,val
hier_x3,3,100,slow,0.18285157518674894,0.31417410714285715,0.23116403202627797,0.1894407539816291,0.0546875,0.093963623046875,0.34113796144723896,val
hier_x3,3,100,context,0.13253012048192772,0.171875,0.14965986394557826,0.06207354510430825,0.0078125,0.0101318359375,0.43171558588743164,val
hier_x3,3,100,macro,0.18285157518674894,0.31417410714285715,0.23116403202627797,0.1894407539816291,0.0546875,0.093963623046875,0.34113796144723896,val
hier_x3,3,200,fast,1.0,0.5015071358267716,0.6680049982588032,1.0,0.9921875,0.497589111328125,0.19986703246831894,val
hier_x3,3,200,mid,0.3476203172910279,0.6571320564516129,0.4547039846542855,0.4086575875215171,0.2421875,0.45782470703125,0.20673266291618347,val
hier_x3,3,200,slow,0.14058511682701746,0.39955357142857145,0.20798838053740012,0.17320658568078273,0.0546875,0.155426025390625,0.2850199803709984,val
hier_x3,3,200,context,0.11042944785276074,0.140625,0.12371134020618556,0.04949401875189996,0.0078125,0.00994873046875,0.3948979517817497,val
hier_x3,3,200,macro,0.14058511682701746,0.39955357142857145,0.20798838053740012,0.17320658568078273,0.0546875,0.155426025390625,0.2850199803709984,val
hier_x3,3,250,fast,1.0,0.5023683562992126,0.6687685535878801,1.0,0.9921875,0.498443603515625,0.18831425160169601,val
hier_x3,3,250,mid,0.3448118139048615,0.6649445564516129,0.4541308089500861,0.39884692213751827,0.2421875,0.467041015625,0.19371895030140882,val
hier_x3,3,250,slow,0.13801929513683797,0.3911830357142857,0.20404599039441132,0.1648060789099012,0.0546875,0.154998779296875,0.2718120038509369,val
hier_x3,3,250,context,0.09006211180124224,0.11328125,0.10034602076124567,0.04437706768257737,0.0078125,0.00982666015625,0.3772258070111271,val
hier_x3,3,250,macro,0.13801929513683797,0.3911830357142857,0.20404599039441132,0.1648060789099012,0.0546875,0.154998779296875,0.2718120038509369,val
hier_x3,4,0,fast,1.0,0.5054749015748031,0.671515547746496,1.0,0.9921875,0.50152587890625,0.2548227608203888,val
hier_x3,4,0,mid,0.3328382305456894,0.649445564516129,0.44011784296144485,0.41110772817588387,0.2421875,0.472564697265625,0.2610334980487824,val
hier_x3,4,0,slow,0.28044971892567144,0.2505580357142857,0.26466254052460947,0.22657339881368221,0.0546875,0.048858642578125,0.4120427340269089,val
hier_x3,4,0,context,0.17667844522968199,0.1953125,0.18552875695732837,0.13723211883658423,0.0078125,0.008636474609375,0.4894750276207922,val
hier_x3,4,0,macro,0.28044971892567144,0.2505580357142857,0.26466254052460947,0.22657339881368221,0.0546875,0.048858642578125,0.4120427340269089,val
hier_x3,4,1,fast,1.0,0.5055056594488189,0.6715426890309927,1.0,0.9921875,0.501556396484375,0.25461743772029877,val
hier_x3,4,1,mid,0.3326662362814719,0.6493195564516129,0.4399385298386408,0.41097072568720516,0.2421875,0.47271728515625,0.2607864493131638,val
hier_x3,4,1,slow,0.2798251093066833,0.25,0.2640730916592986,0.22632614144601745,0.0546875,0.048858642578125,0.41177329719066613,val
hier_x3,4,1,context,0.17375886524822695,0.19140625,0.1821561338289963,0.13685404768996032,0.0078125,0.00860595703125,0.4891471609473228,val
hier_x3,4,1,macro,0.2798251093066833,0.25,0.2640730916592986,0.22632614144601745,0.0546875,0.048858642578125,0.41177329719066613,val
hier_x3,4,100,fast,1.0,0.5052903543307087,0.6713526767470371,1.0,0.9921875,0.5013427734375,0.2337983027100563,val
hier_x3,4,100,mid,0.32621134648161676,0.6752772177419355,0.43991134460679693,0.40104615568518953,0.2421875,0.5013427734375,0.2337983027100563,val
hier_x3,4,100,slow,0.264504054897068,0.23660714285714285,0.24977908689248896,0.20613088898115847,0.0546875,0.048919677734375,0.3807565197348594,val
hier_x3,4,100,context,0.14385964912280702,0.16015625,0.15157116451016636,0.1008125565803799,0.0078125,0.008697509765625,0.4528323921561241,val
hier_x3,4,100,macro,0.264504054897068,0.23660714285714285,0.24977908689248896,0.20613088898115847,0.0546875,0.048919677734375,0.3807565197348594,val
hier_x3,4,200,fast,1.0,0.5047367125984252,0.6708638240464413,1.0,0.9921875,0.50079345703125,0.21529405564069748,val
hier_x3,4,200,mid,0.323290054047338,0.6557459677419355,0.43307119377522574,0.3906805093921292,0.2421875,0.491241455078125,0.217244174182415,val
hier_x3,4,200,slow,0.22989102231447847,0.24720982142857142,0.23823608496907772,0.18734167848339145,0.0546875,0.058807373046875,0.34255288958549496,val
hier_x3,4,200,context,0.11071428571428571,0.12109375,0.11567164179104478,0.07450279138482531,0.0078125,0.008544921875,0.41644641846418373,val
hier_x3,4,200,macro,0.22989102231447847,0.24720982142857142,0.23823608496907772,0.18734167848339145,0.0546875,0.058807373046875,0.34255288958549496,val
hier_x3,4,250,fast,1.0,0.5040907972440944,0.6702930410421054,1.0,0.9921875,0.500152587890625,0.2066536545753479,val
hier_x3,4,250,mid,0.3264213593548824,0.6069808467741935,0.42453620059049046,0.38509067977221534,0.2421875,0.450347900390625,0.21600834950804712,val
hier_x3,4,250,slow,0.22045220966084275,0.23939732142857142,0.22953451043338682,0.17820703855392753,0.0546875,0.05938720703125,0.3278880977630615,val
hier_x3,4,250,context,0.1056338028169014,0.1171875,0.1111111111111111,0.06387029781927882,0.0078125,0.0086669921875,0.3980422139167786,val
hier_x3,4,250,macro,0.22045220966084275,0.23939732142857142,0.22953451043338682,0.17820703855392753,0.0546875,0.05938720703125,0.3278880977630615,val
temp_003_hier_x3,0,0,fast,1.0,0.4981545275590551,0.6650242259998357,1.0,0.9921875,0.4942626953125,0.2363341972231865,val
temp_003_hier_x3,0,0,mid,0.40268456375838924,0.6880040322580645,0.5080251221214236,0.5338690694085947,0.2421875,0.413787841796875,0.255207479596138,val
temp_003_hier_x3,0,0,slow,0.36130244207889795,0.32198660714285715,0.34051342578931837,0.3119581157207611,0.0546875,0.048736572265625,0.39689013659954064,val
temp_003_hier_x3,0,0,context,0.15737704918032788,0.1875,0.1711229946524064,0.11431417026458707,0.0078125,0.009307861328125,0.4764049395918845,val
temp_003_hier_x3,0,0,macro,0.36130244207889795,0.32198660714285715,0.34051342578931837,0.3119581157207611,0.0546875,0.048736572265625,0.39689013659954064,val
temp_003_hier_x3,0,1,fast,1.0,0.4982468011811024,0.6651064441296627,1.0,0.9921875,0.494354248046875,0.23615843802690506,val
temp_003_hier_x3,0,1,mid,0.4027439699048462,0.6880040322580645,0.5080723956637044,0.5336637591168567,0.2421875,0.413726806640625,0.2550352644920349,val
temp_003_hier_x3,0,1,slow,0.361128526645768,0.32142857142857145,0.3401240035429584,0.3116068219566885,0.0546875,0.048675537109375,0.3966049775481224,val
temp_003_hier_x3,0,1,context,0.15737704918032788,0.1875,0.1711229946524064,0.11450453505145511,0.0078125,0.009307861328125,0.4761146429181098,val
temp_003_hier_x3,0,1,macro,0.361128526645768,0.32142857142857145,0.3401240035429584,0.3116068219566885,0.0546875,0.048675537109375,0.3966049775481224,val
temp_003_hier_x3,0,100,fast,1.0,0.4992310531496063,0.665982807787785,1.0,0.9921875,0.495330810546875,0.21830958127975464,val
temp_003_hier_x3,0,100,mid,0.3931561169040975,0.6746471774193549,0.49679873805326163,0.5151078803156193,0.2421875,0.41558837890625,0.2354166930913925,val
temp_003_hier_x3,0,100,slow,0.3089770354906054,0.33035714285714285,0.3193096008629989,0.28757299324415353,0.0546875,0.0584716796875,0.3587332344055176,val
temp_003_hier_x3,0,100,context,0.14715719063545152,0.171875,0.15855855855855858,0.09350367444249129,0.0078125,0.009124755859375,0.4360166570544243,val
temp_003_hier_x3,0,100,macro,0.3089770354906054,0.33035714285714285,0.3193096008629989,0.28757299324415353,0.0546875,0.0584716796875,0.3587332344055176,val
temp_003_hier_x3,0,200,fast,1.0,0.49787770669291337,0.6647775108318446,1.0,0.9921875,0.493988037109375,0.20016591995954514,val
temp_003_hier_x3,0,200,mid,0.3677182877339966,0.7079133064516129,0.4840182648401826,0.49340687023553603,0.2421875,0.46624755859375,0.20613056242465974,val
temp_003_hier_x3,0,200,slow,0.2694185530403906,0.33872767857142855,0.300123609394314,0.2615753862641499,0.0546875,0.068756103515625,0.3221212264895439,val
temp_003_hier_x3,0,200,context,0.12211221122112212,0.14453125,0.1323792486583184,0.07603397353828396,0.0078125,0.009246826171875,0.39679750561714144,val
temp_003_hier_x3,0,200,macro,0.2694185530403906,0.33872767857142855,0.300123609394314,0.2615753862641499,0.0546875,0.068756103515625,0.3221212264895439,val
temp_003_hier_x3,0,250,fast,1.0,0.4986158956692913,0.6654352154013505,1.0,0.9921875,0.494720458984375,0.19108746200799942,val
temp_003_hier_x3,0,250,mid,0.36224188790560474,0.696320564516129,0.4765641843818723,0.481990017464821,0.2421875,0.465545654296875,0.1965850257873535,val
temp_003_hier_x3,0,250,slow,0.2545616377392078,0.31919642857142855,0.28323842535281013,0.24805496726898016,0.0546875,0.068572998046875,0.3079362145066261,val
temp_003_hier_x3,0,250,context,0.11858974358974358,0.14453125,0.13028169014084506,0.06927699286712552,0.0078125,0.009521484375,0.3771961328387255,val
temp_003_hier_x3,0,250,macro,0.2545616377392078,0.31919642857142855,0.28323842535281013,0.24805496726898016,0.0546875,0.068572998046875,0.3079362145066261,val
temp_003_hier_x3,1,0,fast,1.0,0.504767470472441,0.6708909919669686,1.0,0.9921875,0.500823974609375,0.24862904101610184,val
temp_003_hier_x3,1,0,mid,0.365386164129822,0.5716985887096774,0.44583108141305944,0.438873200865426,0.2421875,0.378936767578125,0.27597827136516573,val
temp_003_hier_x3,1,0,slow,0.17961745367603107,0.3353794642857143,0.23394316854807318,0.168201821876032,0.0546875,0.10211181640625,0.37018236219882966,val
temp_003_hier_x3,1,0,context,0.06980273141122914,0.1796875,0.10054644808743171,0.04325544134380835,0.0078125,0.020111083984375,0.45597691178321836,val
temp_003_hier_x3,1,0,macro,0.17961745367603107,0.3353794642857143,0.23394316854807318,0.168201821876032,0.0546875,0.10211181640625,0.37018236219882966,val
temp_003_hier_x3,1,1,fast,1.0,0.5046136811023622,0.6707551412567971,1.0,0.9921875,0.50067138671875,0.2484612688422203,val
temp_003_hier_x3,1,1,mid,0.36544502617801045,0.5716985887096774,0.44587489558252663,0.43880370667845425,0.2421875,0.378875732421875,0.2757820841670036,val
temp_003_hier_x3,1,1,slow,0.17921146953405018,0.33482142857142855,0.23346303501945526,0.16815643066039976,0.0546875,0.1021728515625,0.3698847919702529,val
temp_003_hier_x3,1,1,context,0.06880733944954129,0.17578125,0.09890109890109891,0.04319984028347804,0.0078125,0.01995849609375,0.455726443529129,val
temp_003_hier_x3,1,1,macro,0.17921146953405018,0.33482142857142855,0.23346303501945526,0.16815643066039976,0.0546875,0.1021728515625,0.3698847919702529,val
temp_003_hier_x3,1,100,fast,1.0,0.50390625,0.6701298701298701,1.0,0.9921875,0.499969482421875,0.23046639561653137,val
temp_003_hier_x3,1,100,mid,0.3475099162626708,0.5961441532258065,0.43907192575406034,0.43029626638384555,0.2421875,0.41546630859375,0.24802699506282805,val
temp_003_hier_x3,1,100,slow,0.17529761904761904,0.3286830357142857,0.22864906832298132,0.16052429555027592,0.0546875,0.1025390625,0.3424592912197113,val
temp_003_hier_x3,1,100,context,0.049796747967479675,0.19140625,0.07903225806451612,0.03729552810518658,0.0078125,0.030029296875,0.4018948405981063,val
temp_003_hier_x3,1,100,macro,0.17529761904761904,0.3286830357142857,0.22864906832298132,0.16052429555027592,0.0546875,0.1025390625,0.3424592912197113,val
temp_003_hier_x3,1,200,fast,1.0,0.5042138287401575,0.6704017994070137,1.0,0.9921875,0.500274658203125,0.21080780029296875,val
temp_003_hier_x3,1,200,mid,0.32190569145366926,0.6649445564516129,0.43380328003617086,0.42162003150393396,0.2421875,0.500274658203125,0.21080780029296875,val
temp_003_hier_x3,1,200,slow,0.16865315852205007,0.3158482142857143,0.21989121989121987,0.15222279862463547,0.0546875,0.1024169921875,0.3136953920125961,val
temp_003_hier_x3,1,200,context,0.04900459418070444,0.125,0.07040704070407042,0.0330135911036061,0.0078125,0.019927978515625,0.3867649185657501,val
temp_003_hier_x3,1,200,macro,0.16865315852205007,0.3158482142857143,0.21989121989121987,0.15222279862463547,0.0546875,0.1024169921875,0.3136953920125961,val
temp_003_hier_x3,1,250,fast,1.0,0.504767470472441,0.6708909919669686,1.0,0.9921875,0.500823974609375,0.20060111582279205,val
temp_003_hier_x3,1,250,mid,0.31966364024130156,0.6610383064516129,0.4309360496159691,0.4172191222724061,0.2421875,0.500823974609375,0.20060111582279205,val
temp_003_hier_x3,1,250,slow,0.16731054977711737,0.31417410714285715,0.21834399844871047,0.14822809224831945,0.0546875,0.102691650390625,0.2991620242595672,val
temp_003_hier_x3,1,250,context,0.047839506172839504,0.12109375,0.06858407079646017,0.03146718154857796,0.0078125,0.019775390625,0.36886594414711,val
temp_003_hier_x3,1,250,macro,0.16731054977711737,0.31417410714285715,0.21834399844871047,0.14822809224831945,0.0546875,0.102691650390625,0.2991620242595672,val
temp_003_hier_x3,2,0,fast,1.0,0.5073818897637795,0.673196212863206,1.0,0.9921875,0.50341796875,0.24694357067346573,val
temp_003_hier_x3,2,0,mid,0.40058896171748837,0.5313760080645161,0.45680550289768723,0.4557452871364196,0.2421875,0.321258544921875,0.2864081060886383,val
temp_003_hier_x3,2,0,slow,0.2856388595564942,0.30189732142857145,0.2935431361909929,0.26404257557674315,0.0546875,0.05780029296875,0.39491146624088286,val
temp_003_hier_x3,2,0,context,0.182370820668693,0.234375,0.2051282051282051,0.14130888730564997,0.0078125,0.010040283203125,0.4735220181941985,val
temp_003_hier_x3,2,0,macro,0.2856388595564942,0.30189732142857145,0.2935431361909929,0.26404257557674315,0.0546875,0.05780029296875,0.39491146624088286,val
temp_003_hier_x3,2,1,fast,1.0,0.507443405511811,0.6732503570699856,1.0,0.9921875,0.50347900390625,0.24674850702285767,val
temp_003_hier_x3,2,1,mid,0.39112939282840026,0.5511592741935484,0.45755531147026524,0.4555998003335447,0.2421875,0.341278076171875,0.2818297988176346,val
temp_003_hier_x3,2,1,slow,0.28601583113456464,0.30245535714285715,0.2940059669107675,0.2638700552746119,0.0546875,0.057830810546875,0.394590248465538,val
temp_003_hier_x3,2,1,context,0.182370820668693,0.234375,0.2051282051282051,0.14120064080936054,0.0078125,0.010040283203125,0.47313636571168893,val
temp_003_hier_x3,2,1,macro,0.28601583113456464,0.30245535714285715,0.2940059669107675,0.2638700552746119,0.0546875,0.057830810546875,0.394590248465538,val
temp_003_hier_x3,2,100,fast,1.0,0.5079047736220472,0.6736562978072412,1.0,0.9921875,0.503936767578125,0.22951681166887283,val
temp_003_hier_x3,2,100,mid,0.37174109712969816,0.5695564516129032,0.4498631500373227,0.4431063288694933,0.2421875,0.371063232421875,0.25560423910617824,val
temp_003_hier_x3,2,100,slow,0.2521083000443853,0.3169642857142857,0.280840543881335,0.2462700115789942,0.0546875,0.068756103515625,0.3574479821324348,val
temp_003_hier_x3,2,100,context,0.11587301587301588,0.28515625,0.16478555304740405,0.11186760114113695,0.0078125,0.01922607421875,0.41206079423427583,val
temp_003_hier_x3,2,100,macro,0.2521083000443853,0.3169642857142857,0.280840543881335,0.2462700115789942,0.0546875,0.068756103515625,0.3574479821324348,val
temp_003_hier_x3,2,200,fast,1.0,0.5061823326771654,0.6721395168371828,1.0,0.9921875,0.502227783203125,0.21113213896751404,val
temp_003_hier_x3,2,200,mid,0.37347707949864145,0.5369203629032258,0.4405272680279142,0.43101665197458816,0.2421875,0.348175048828125,0.23877526670694352,val
temp_003_hier_x3,2,200,slow,0.22822706065318818,0.3275669642857143,0.26901924839596697,0.23018749930718863,0.0546875,0.0784912109375,0.32272052407264706,val
temp_003_hier_x3,2,200,context,0.13968253968253969,0.171875,0.15411558669001751,0.09179628080764235,0.0078125,0.009613037109375,0.3997711676359173,val
temp_003_hier_x3,2,200,macro,0.22822706065318818,0.3275669642857143,0.26901924839596697,0.23018749930718863,0.0546875,0.0784912109375,0.32272052407264706,val
temp_003_hier_x3,2,250,fast,1.0,0.5056286909448819,0.6716512430798146,1.0,0.9921875,0.501678466796875,0.20147453993558884,val
temp_003_hier_x3,2,250,mid,0.3639687128039449,0.5394405241935484,0.43466341760584826,0.4249841753014419,0.2421875,0.35894775390625,0.22688080310821535,val
temp_003_hier_x3,2,250,slow,0.2363394047090182,0.296875,0.2631709126885976,0.22230078415811724,0.0546875,0.068695068359375,0.3131196349859237,val
temp_003_hier_x3,2,250,context,0.10866141732283464,0.26953125,0.15488215488215487,0.08333996130331858,0.0078125,0.019378662109375,0.35875444889068603,val
temp_003_hier_x3,2,250,macro,0.2363394047090182,0.296875,0.2631709126885976,0.22230078415811724,0.0546875,0.068695068359375,0.3131196349859237,val
temp_003_hier_x3,3,0,fast,1.0,0.50123031496063,0.6677593837075889,1.0,0.9921875,0.497314453125,0.24313531816005707,val
temp_003_hier_x3,3,0,mid,0.380172060630889,0.5846774193548387,0.46075170051139475,0.4435006671281558,0.2421875,0.372467041015625,0.2717195677757263,val
temp_003_hier_x3,3,0,slow,0.18735224586288415,0.35379464285714285,0.24497681607418853,0.20507677847831585,0.0546875,0.103271484375,0.3645119220018387,val
temp_003_hier_x3,3,0,context,0.14939024390243902,0.19140625,0.16780821917808217,0.07806966944145677,0.0078125,0.010009765625,0.46873486399650544,val
temp_003_hier_x3,3,0,macro,0.18735224586288415,0.35379464285714285,0.24497681607418853,0.20507677847831585,0.0546875,0.103271484375,0.3645119220018387,val
temp_003_hier_x3,3,1,fast,1.0,0.50123031496063,0.6677593837075889,1.0,0.9921875,0.497314453125,0.24293529987335205,val
temp_003_hier_x3,3,1,mid,0.3760159362549801,0.5946320564516129,0.4607048716196427,0.44332189381656334,0.2421875,0.38299560546875,0.26928489685058593,val
temp_003_hier_x3,3,1,slow,0.1870567375886525,0.35323660714285715,0.24459041731066458,0.2049357421068663,0.0546875,0.103271484375,0.3642241537570953,val
temp_003_hier_x3,3,1,context,0.14939024390243902,0.19140625,0.16780821917808217,0.07788270102570463,0.0078125,0.010009765625,0.4683460116386412,val
temp_003_hier_x3,3,1,macro,0.1870567375886525,0.35323660714285715,0.24459041731066458,0.2049357421068663,0.0546875,0.103271484375,0.3642241537570953,val
temp_003_hier_x3,3,100,fast,1.0,0.5019069881889764,0.6683596149907843,1.0,0.9921875,0.49798583984375,0.22150935977697372,val
temp_003_hier_x3,3,100,mid,0.3668683812405446,0.6111391129032258,0.4584987710342219,0.42663800786804373,0.2421875,0.4034423828125,0.241758531332016,val
temp_003_hier_x3,3,100,slow,0.18214285714285713,0.3130580357142857,0.23029556650246302,0.1890062165584971,0.0546875,0.093994140625,0.34162975728511813,val
temp_003_hier_x3,3,100,context,0.13213213213213212,0.171875,0.14940577249575548,0.061897892596637666,0.0078125,0.010162353515625,0.43222809135913826,val
temp_003_hier_x3,3,100,macro,0.18214285714285713,0.3130580357142857,0.23029556650246302,0.1890062165584971,0.0546875,0.093994140625,0.34162975728511813,val
temp_003_hier_x3,3,200,fast,1.0,0.5017224409448819,0.6681959691954776,1.0,0.9921875,0.497802734375,0.20053434371948242,val
temp_003_hier_x3,3,200,mid,0.3506882922175276,0.6484375,0.45519681556833264,0.40805976263313276,0.2421875,0.44781494140625,0.2091863311827183,val
temp_003_hier_x3,3,200,slow,0.14044392064427422,0.3989955357142857,0.20775824495132936,0.17253781364049328,0.0546875,0.155364990234375,0.28588646948337554,val
temp_003_hier_x3,3,200,context,0.10670731707317073,0.13671875,0.11986301369863014,0.04918375635365186,0.0078125,0.010009765625,0.39590260267257693,val
temp_003_hier_x3,3,200,macro,0.14044392064427422,0.3989955357142857,0.20775824495132936,0.17253781364049328,0.0546875,0.155364990234375,0.28588646948337554,val
temp_003_hier_x3,3,250,fast,1.0,0.5019069881889764,0.6683596149907843,1.0,0.9921875,0.49798583984375,0.1892501264810562,val
temp_003_hier_x3,3,250,mid,0.34678604837631966,0.6539818548387096,0.45323552528163485,0.3980819792843063,0.2421875,0.45672607421875,0.19663148760795593,val
temp_003_hier_x3,3,250,slow,0.13770685579196218,0.3900669642857143,0.2035527082119977,0.16399912001055222,0.0546875,0.1549072265625,0.2728654652833939,val
temp_003_hier_x3,3,250,context,0.08359133126934984,0.10546875,0.09326424870466321,0.04408465306525578,0.0078125,0.009857177734375,0.37844032138586003,val
temp_003_hier_x3,3,250,macro,0.13770685579196218,0.3900669642857143,0.2035527082119977,0.16399912001055222,0.0546875,0.1549072265625,0.2728654652833939,val
temp_003_hier_x3,4,0,fast,1.0,0.5054749015748031,0.671515547746496,1.0,0.9921875,0.50152587890625,0.2548227608203888,val
temp_003_hier_x3,4,0,mid,0.3328382305456894,0.649445564516129,0.44011784296144485,0.41110772817588387,0.2421875,0.472564697265625,0.2610334980487824,val
temp_003_hier_x3,4,0,slow,0.28044971892567144,0.2505580357142857,0.26466254052460947,0.22657339881368221,0.0546875,0.048858642578125,0.4120427340269089,val
temp_003_hier_x3,4,0,context,0.17667844522968199,0.1953125,0.18552875695732837,0.13723211883658423,0.0078125,0.008636474609375,0.4894750276207922,val
temp_003_hier_x3,4,0,macro,0.28044971892567144,0.2505580357142857,0.26466254052460947,0.22657339881368221,0.0546875,0.048858642578125,0.4120427340269089,val
temp_003_hier_x3,4,1,fast,1.0,0.5055056594488189,0.6715426890309927,1.0,0.9921875,0.501556396484375,0.254621297121048,val
temp_003_hier_x3,4,1,mid,0.3326877138614501,0.6493195564516129,0.43995731056563503,0.4109617264345041,0.2421875,0.472686767578125,0.2607881274819374,val
temp_003_hier_x3,4,1,slow,0.2798251093066833,0.25,0.2640730916592986,0.2263180523640716,0.0546875,0.048858642578125,0.4117757573723792,val
temp_003_hier_x3,4,1,context,0.17375886524822695,0.19140625,0.1821561338289963,0.13685139958555478,0.0078125,0.00860595703125,0.4891527837514877,val
temp_003_hier_x3,4,1,macro,0.2798251093066833,0.25,0.2640730916592986,0.2263180523640716,0.0546875,0.048858642578125,0.4117757573723792,val
temp_003_hier_x3,4,100,fast,1.0,0.5050750492125984,0.6711626100995238,1.0,0.9921875,0.501129150390625,0.23417916893959045,val
temp_003_hier_x3,4,100,mid,0.3259850191827538,0.6745211693548387,0.43954509997126084,0.40072427278514905,0.2421875,0.501129150390625,0.23417916893959045,val
temp_003_hier_x3,4,100,slow,0.2640099626400996,0.23660714285714285,0.24955856386109476,0.20559994196454756,0.0546875,0.04901123046875,0.38122785836458206,val
temp_003_hier_x3,4,100,context,0.14285714285714285,0.16015625,0.15101289134438306,0.10053159720424697,0.0078125,0.008758544921875,0.45338941127061827,val
temp_003_hier_x3,4,100,macro,0.2640099626400996,0.23660714285714285,0.24955856386109476,0.20559994196454756,0.0546875,0.04901123046875,0.38122785836458206,val
temp_003_hier_x3,4,200,fast,1.0,0.5047367125984252,0.6708638240464413,1.0,0.9921875,0.50079345703125,0.2159295603632927,val
temp_003_hier_x3,4,200,mid,0.32090188909201706,0.6635584677419355,0.4325967304690709,0.3900210625718881,0.2421875,0.50079345703125,0.2159295603632927,val
temp_003_hier_x3,4,200,slow,0.22972972972972974,0.24665178571428573,0.23789020452099033,0.1863173796395363,0.0546875,0.0587158203125,0.34359756112098694,val
temp_003_hier_x3,4,200,context,0.11151079136690648,0.12109375,0.11610486891385767,0.07386902809132714,0.0078125,0.00848388671875,0.41770274639129634,val
temp_003_hier_x3,4,200,macro,0.22972972972972974,0.24665178571428573,0.23789020452099033,0.1863173796395363,0.0546875,0.0587158203125,0.34359756112098694,val
temp_003_hier_x3,4,250,fast,1.0,0.5042445866141733,0.67042898621846,1.0,0.9921875,0.50030517578125,0.20741752535104752,val
temp_003_hier_x3,4,250,mid,0.32632435732211895,0.6062247983870968,0.42426914766965035,0.3843178198162041,0.2421875,0.449920654296875,0.21685871332883835,val
temp_003_hier_x3,4,250,slow,0.21873391662377767,0.23716517857142858,0.2275769745649264,0.17700232699916205,0.0546875,0.059295654296875,0.3290326660871506,val
temp_003_hier_x3,4,250,context,0.10320284697508897,0.11328125,0.10800744878957169,0.06336393585420018,0.0078125,0.008575439453125,0.3993606212735176,val
temp_003_hier_x3,4,250,macro,0.21873391662377767,0.23716517857142858,0.2275769745649264,0.17700232699916205,0.0546875,0.059295654296875,0.3290326660871506,val
