active_count_max,active_count_mean,active_count_min,alive_feature_ratio,batch_size,candidate_config,checkpoint_path,checkpoint_update,config_name,dead_feature_ratio,effective_rank,end_to_end_pass,full_prefix_gain,learning_rate,marginal_gain_l2,marginal_gain_l3,marginal_gain_l4,marginal_gain_l5,marginal_gain_l6,mean_boundary_auprc,mean_boundary_f1,mean_boundary_precision,mean_boundary_recall,mean_factor_probe_accuracy,model_derived_metrics,nondegrading_pass,nondegrading_violating_levels,optimizer,optimizer_updates,prefix_nrmse_l1,prefix_nrmse_l2,prefix_nrmse_l3,prefix_nrmse_l4,prefix_nrmse_l5,prefix_nrmse_l6,raw_hier_loss,raw_sdyn_loss,raw_sparse_loss,raw_temp_loss,raw_vc_loss,resumed_from_update,seed,sequence_length,strict_monotonic_pass,topk_utilization_entropy,violating_levels,weighted_hier_loss,weighted_sdyn_loss,weighted_sparse_loss,weighted_temp_loss,weighted_vc_loss
8,7.999755859375,7,0.999969482421875,32,baseline_v9,/mnt/disk1/backup_user/dat.tt2/xuance/external_baselines/dreamerv3-official/paper_artifacts/synthetic_convergence_v12/runs/baseline_v9/seed_0/checkpoints/step_500.npz,500,baseline_v9,3.0517578125e-05,7.256441116333008,False,-0.0027099101530971836,0.05,0.0004197506432926934,-0.002708938098975877,0.00521851673452689,-0.0028252311193071034,-0.0028140083126337867,0.780357718606542,0.6470515233335379,0.7306964411046069,0.6030374321909358,0.487322998046875,True,False,"[3, 5, 6]",sgd,500,1.0001642474949342,0.9997444968516415,1.0024534349506173,0.9972349182160904,1.0000601493353976,1.0028741576480313,0.1137787252664566,0.11563210189342499,0.06673702597618103,0.012402279302477837,0.7775334119796753,250,0,64,False,0.002274795451003506,"[3, 5, 6]",0.1137787252664566,0.11563210189342499,0.06673702597618103,0.00012402279302477836,0.007775334119796753
8,7.999755859375,7,0.999969482421875,32,baseline_v9,/mnt/disk1/backup_user/dat.tt2/xuance/external_baselines/dreamerv3-official/paper_artifacts/synthetic_convergence_v12/runs/baseline_v9/seed_0/checkpoints/step_1000.npz,1000,baseline_v9,3.0517578125e-05,7.478326797485352,False,-0.0005119190477040902,0.05,0.0003761849449466226,-0.0020020780156710938,0.003991077484982841,-0.0023825046513290538,-0.0004945988106334065,0.7338414786886552,0.6127676983539357,0.669027214439299,0.5931164728400885,0.4117706298828125,True,False,"[3, 5, 6]",sgd,1000,0.9976205585965807,0.9972443736516341,0.9992464516673052,0.9952553741823223,0.9976378788336514,0.9981324776442848,0.11312177032232285,0.11459265649318695,0.032542578876018524,0.00835922546684742,0.8399189710617065,250,0,64,False,0.002274795451003506,"[3, 5, 6]",0.11312177032232285,0.11459265649318695,0.032542578876018524,8.35922546684742e-05,0.008399189710617065
8,7.9996337890625,7,0.9999542236328125,32,baseline_v9,/mnt/disk1/backup_user/dat.tt2/xuance/external_baselines/dreamerv3-official/paper_artifacts/synthetic_convergence_v12/runs/baseline_v9/seed_1/checkpoints/step_500.npz,500,baseline_v9,4.57763671875e-05,7.209207057952881,True,0.004480727656453243,0.05,-0.0036850571738832327,0.0027380113540587114,-0.0025565907075999483,0.0027888232740362895,0.005195540909841423,0.680016100619615,0.5754190415101802,0.6268804029299399,0.5608238517816322,0.48444722493489584,True,False,"[2, 4]",sgd,500,0.9997688865732307,1.003453943747114,1.0007159323930552,1.0032725231006552,1.0004836998266189,0.9952881589167775,0.11386464536190033,0.1153426319360733,0.06470178812742233,0.013192764483392239,0.783789873123169,250,1,64,False,0.003263695062680449,"[2, 4]",0.11386464536190033,0.1153426319360733,0.06470178812742233,0.0001319276448339224,0.00783789873123169
8,7.999603271484375,7,0.9999504089355469,32,baseline_v9,/mnt/disk1/backup_user/dat.tt2/xuance/external_baselines/dreamerv3-official/paper_artifacts/synthetic_convergence_v12/runs/baseline_v9/seed_1/checkpoints/step_1000.npz,1000,baseline_v9,4.9591064453125e-05,7.450811386108398,True,0.0030290973791124998,0.05,-0.0017883144775395765,0.0019732698662577874,-0.0025237176045882492,0.002047676190816139,0.003320183404166399,0.6251259834000918,0.5371878937942116,0.5940113651001878,0.514763949617185,0.39775390625,True,False,"[2, 4]",sgd,1000,0.9973321236282213,0.9991204381057609,0.9971471682395031,0.9996708858440914,0.9976232096532752,0.9943030262491088,0.11313408613204956,0.11451723426580429,0.030159950256347656,0.008803552016615868,0.8459568023681641,250,1,64,False,0.0035039100381433273,"[2, 4]",0.11313408613204956,0.11451723426580429,0.030159950256347656,8.803552016615867e-05,0.00845956802368164
8,7.99957275390625,7,0.9999465942382812,32,baseline_v9,/mnt/disk1/backup_user/dat.tt2/xuance/external_baselines/dreamerv3-official/paper_artifacts/synthetic_convergence_v12/runs/baseline_v9/seed_2/checkpoints/step_500.npz,500,baseline_v9,5.340576171875e-05,7.23239278793335,True,0.004395451999447353,0.05,-0.002159285677653777,-0.0036480307487172237,0.010782466156344594,-0.0032402982291060978,0.002660600498579857,0.7677401365883902,0.6363297049327261,0.70336020745124,0.6071932887169347,0.49629007975260414,True,False,"[2, 3, 5]",sgd,500,1.001802865637792,1.0039621513154457,1.007610182064163,0.9968277159078184,1.0000680141369245,0.9974074136383446,0.11394401639699936,0.11515307426452637,0.06517623364925385,0.012136085890233517,0.7734666466712952,250,2,64,False,0.0037417742553142548,"[2, 3, 5]",0.11394401639699936,0.11515307426452637,0.06517623364925385,0.00012136085890233516,0.0077346664667129516
8,7.99932861328125,7,0.9999160766601562,32,baseline_v9,/mnt/disk1/backup_user/dat.tt2/xuance/external_baselines/dreamerv3-official/paper_artifacts/synthetic_convergence_v12/runs/baseline_v9/seed_2/checkpoints/step_1000.npz,1000,baseline_v9,8.392333984375e-05,7.414418697357178,True,0.004586151344337042,0.05,-0.0024288097749257664,-0.0018681112840435166,0.0071881634899689795,-0.0009599476290711451,0.0026548565424084902,0.7341393756048248,0.6116523917704402,0.6706989370317006,0.5911748997605139,0.40950419108072916,True,False,"[2, 3, 5]",sgd,1000,0.9978960033871372,1.000324813162063,1.0021929244461065,0.9950047609561375,0.9959647085852087,0.9933098520428002,0.11318405717611313,0.11435683816671371,0.0311008021235466,0.008095484226942062,0.8325600028038025,250,2,64,False,0.005576403605532558,"[2, 3, 5]",0.11318405717611313,0.11435683816671371,0.0311008021235466,8.095484226942063e-05,0.008325600028038026
8,7.9996337890625,7,0.9999542236328125,32,baseline_v9,/mnt/disk1/backup_user/dat.tt2/xuance/external_baselines/dreamerv3-official/paper_artifacts/synthetic_convergence_v12/runs/baseline_v9/seed_3/checkpoints/step_500.npz,500,baseline_v9,4.57763671875e-05,7.330156326293945,True,0.0001940573500358589,0.05,-0.0024001783626255158,0.0030438549280451532,0.002708407887636932,-0.0015244459678823707,-0.00163358113513834,0.7581996334219016,0.6300025453339174,0.6905775500486002,0.6089891800319315,0.4853586832682292,True,False,"[2, 5, 6]",sgd,500,1.0004502965122684,1.0028504748748939,0.9998066199468487,0.9970982120592118,0.9986226580270942,1.0002562391622325,0.1136554628610611,0.11511217057704926,0.06710432469844818,0.012738076969981194,0.7782673835754395,250,3,64,False,0.003263695062680449,"[2, 5, 6]",0.1136554628610611,0.11511217057704926,0.06710432469844818,0.00012738076969981193,0.007782673835754395
8,7.999542236328125,7,0.9999427795410156,32,baseline_v9,/mnt/disk1/backup_user/dat.tt2/xuance/external_baselines/dreamerv3-official/paper_artifacts/synthetic_convergence_v12/runs/baseline_v9/seed_3/checkpoints/step_1000.npz,1000,baseline_v9,5.7220458984375e-05,7.5477070808410645,True,0.0002051034195962309,0.05,-0.0015947873388425515,0.0012049052676410543,0.002431725937289797,-0.0007437981399145421,-0.0010929423065775268,0.6943352954437609,0.5824098780083958,0.6257584858315981,0.5767436737998476,0.4066864013671875,True,False,"[2, 5, 6]",sgd,1000,0.9972228117238523,0.9988175990626948,0.9976126937950538,0.995180967857764,0.9959247659976785,0.9970177083042561,0.11301105469465256,0.11432000249624252,0.03171199560165405,0.008738658390939236,0.8445563912391663,250,3,64,False,0.003977455856369191,"[2, 5, 6]",0.11301105469465256,0.11432000249624252,0.03171199560165405,8.738658390939236e-05,0.008445563912391664
8,7.999725341796875,7,0.9999656677246094,32,baseline_v9,/mnt/disk1/backup_user/dat.tt2/xuance/external_baselines/dreamerv3-official/paper_artifacts/synthetic_convergence_v12/runs/baseline_v9/seed_4/checkpoints/step_500.npz,500,baseline_v9,3.4332275390625e-05,6.870502471923828,False,-0.0029456774617930837,0.05,-0.0015351385632167425,-0.0004003979294229243,0.006301561762778296,-0.003385576135963686,-0.003926126595968027,0.7738089073675724,0.6471485966033559,0.7313806553515896,0.6114275565604703,0.4834035237630208,True,False,"[2, 3, 5, 6]",sgd,500,1.0030935767737776,1.0046287153369944,1.0050291132664173,0.998727551503639,1.0021131276396027,1.0060392542355707,0.11447857320308685,0.11517918109893799,0.06906407326459885,0.011621848680078983,0.7651232481002808,250,4,64,False,0.00252679311372212,"[2, 3, 5, 6]",0.11447857320308685,0.11517918109893799,0.06906407326459885,0.00011621848680078984,0.007651232481002808
8,7.999664306640625,7,0.9999580383300781,32,baseline_v9,/mnt/disk1/backup_user/dat.tt2/xuance/external_baselines/dreamerv3-official/paper_artifacts/synthetic_convergence_v12/runs/baseline_v9/seed_4/checkpoints/step_1000.npz,1000,baseline_v9,4.1961669921875e-05,7.142223834991455,False,-0.00045739564835423074,0.05,7.608532713154759e-05,-0.00055548474605005,0.003595716563279394,-0.0016863371633585311,-0.0018873756293565913,0.7281725341851187,0.6074206480590788,0.6618581843420838,0.592351948319968,0.40847981770833336,True,False,"[3, 5, 6]",sgd,1000,0.9990474456781062,0.9989713603509747,0.9995268450970247,0.9959311285337453,0.9976174656971039,0.9995048413264604,0.11340033262968063,0.11429493129253387,0.03450707718729973,0.00822792574763298,0.8289759755134583,250,4,64,False,0.0030209330723992857,"[3, 5, 6]",0.11340033262968063,0.11429493129253387,0.03450707718729973,8.227925747632981e-05,0.008289759755134582
8,7.99847412109375,7,0.9998092651367188,32,hier_x3,/mnt/disk1/backup_user/dat.tt2/xuance/external_baselines/dreamerv3-official/paper_artifacts/synthetic_convergence_v12/runs/hier_x3/seed_0/checkpoints/step_500.npz,500,hier_x3,0.00019073486328125,7.759487628936768,True,0.007489323530461833,0.05,0.0022667418423366614,0.0009743517037777982,0.0008899597323368535,0.0002327627777753971,0.003125507474235123,0.367969395585518,0.3302909459003546,0.36985056102153224,0.3486081849395841,0.4983133951822917,True,True,[],sgd,500,0.9990479758894452,0.9967812340471085,0.9958068823433307,0.9949169226109938,0.9946841598332185,0.9915586523589833,0.11268424987792969,0.11468450725078583,0.04367246478796005,0.003154928795993328,0.9434089660644531,250,0,64,True,0.011420300701892058,[],0.33805274963378906,0.11468450725078583,0.04367246478796005,3.154928795993328e-05,0.009434089660644532
8,7.996551513671875,7,0.9995689392089844,32,hier_x3,/mnt/disk1/backup_user/dat.tt2/xuance/external_baselines/dreamerv3-official/paper_artifacts/synthetic_convergence_v12/runs/hier_x3/seed_0/checkpoints/step_1000.npz,1000,hier_x3,0.000431060791015625,7.171596527099609,True,0.005250329414860699,0.05,0.0011705298991693258,0.001250945285568461,0.0006227332175333666,0.0003392468883368638,0.001866874124252682,0.308701771421538,0.2777815056443836,0.30477407451594224,0.3354034185746943,0.428790283203125,True,True,[],sgd,1000,0.9992757900280574,0.9981052601288881,0.9968543148433197,0.9962315816257863,0.9958923347374494,0.9940254606131967,0.11297237128019333,0.11441647261381149,0.015622816979885101,0.0007853286224417388,0.9736500978469849,250,0,64,True,0.022994809824935385,[],0.33891711384058,0.11441647261381149,0.015622816979885101,7.853286224417388e-06,0.009736500978469849
8,7.99847412109375,7,0.9998092651367188,32,hier_x3,/mnt/disk1/backup_user/dat.tt2/xuance/external_baselines/dreamerv3-official/paper_artifacts/synthetic_convergence_v12/runs/hier_x3/seed_1/checkpoints/step_500.npz,500,hier_x3,0.00019073486328125,7.500885486602783,True,0.005863076985511362,0.05,0.0006259144855665921,0.0026074026275774154,-0.001358843293033929,0.004172498131441715,-0.0001838949660404321,0.3380431809837279,0.30827519992027447,0.322184799748065,0.410424736474473,0.48724466959635415,True,False,"[4, 6]",sgd,500,0.9985038906871814,0.9978779762016148,0.9952705735740374,0.9966294168670713,0.9924569187356296,0.99264081370167,0.11268682777881622,0.11480029672384262,0.04206788167357445,0.003270501270890236,0.9456507563591003,250,1,64,False,0.011420300701892058,"[4, 6]",0.33806048333644867,0.11480029672384262,0.04206788167357445,3.270501270890236e-05,0.009456507563591003
8,7.987548828125,7,0.998443603515625,32,hier_x3,/mnt/disk1/backup_user/dat.tt2/xuance/external_baselines/dreamerv3-official/paper_artifacts/synthetic_convergence_v12/runs/hier_x3/seed_1/checkpoints/step_1000.npz,1000,hier_x3,0.001556396484375,6.958149433135986,True,0.003608088161186962,0.05,0.0008100745572765522,0.0011422519610948534,-0.0009578267837155874,0.0024677803083347216,0.00014580811819642214,0.3262121829399966,0.2969580423492305,0.31943117266763266,0.3543572142947857,0.4046834309895833,True,False,[4],sgd,1000,0.9985005326820351,0.9976904581247585,0.9965482061636637,0.9975060329473793,0.9950382526390446,0.9948924445208481,0.11294753849506378,0.11451162397861481,0.01397080160677433,0.0008861120440997183,0.9718736410140991,250,1,64,False,0.0669834117177668,[4],0.33884261548519135,0.11451162397861481,0.01397080160677433,8.861120440997184e-06,0.009718736410140991
8,7.999053955078125,7,0.9998817443847656,32,hier_x3,/mnt/disk1/backup_user/dat.tt2/xuance/external_baselines/dreamerv3-official/paper_artifacts/synthetic_convergence_v12/runs/hier_x3/seed_2/checkpoints/step_500.npz,500,hier_x3,0.000118255615234375,7.786290168762207,True,0.005459674525168157,0.05,-0.0002533526514357787,0.0018258711140447526,0.003364632788077193,-0.0011750366955499691,0.0016975599700319588,0.36619011927323586,0.32860228601232266,0.34209779020585623,0.4125195036104358,0.5031463623046875,True,False,"[2, 5]",sgd,500,0.9986352063621147,0.9988885590135504,0.9970626878995057,0.9936980551114285,0.9948730918069785,0.9931755318369465,0.11282862722873688,0.11480778455734253,0.04271332919597626,0.003244716441258788,0.9406740665435791,250,2,64,False,0.007533096677869184,"[2, 5]",0.33848588168621063,0.11480778455734253,0.04271332919597626,3.244716441258788e-05,0.009406740665435792
8,7.99725341796875,6,0.9996566772460938,32,hier_x3,/mnt/disk1/backup_user/dat.tt2/xuance/external_baselines/dreamerv3-official/paper_artifacts/synthetic_convergence_v12/runs/hier_x3/seed_2/checkpoints/step_1000.npz,1000,hier_x3,0.00034332275390625,7.371702671051025,True,0.0036532444935496455,0.05,0.00018557396861362818,0.0012810789633290742,0.001424854604726411,-0.0003766267877290952,0.0011383637446096273,0.31865372948395854,0.2837064283154662,0.3235963024024139,0.30460197326644656,0.4232696533203125,True,False,[5],sgd,1000,0.9987441647922578,0.9985585908236442,0.9972775118603151,0.9958526572555887,0.9962292840433178,0.9950909202987082,0.11303964257240295,0.11452165246009827,0.013859152793884277,0.0008491273620165884,0.9719879627227783,250,2,64,False,0.01892773098587431,[5],0.33911892771720886,0.11452165246009827,0.013859152793884277,8.491273620165885e-06,0.009719879627227783
8,7.998565673828125,7,0.9998207092285156,32,hier_x3,/mnt/disk1/backup_user/dat.tt2/xuance/external_baselines/dreamerv3-official/paper_artifacts/synthetic_convergence_v12/runs/hier_x3/seed_3/checkpoints/step_500.npz,500,hier_x3,0.000179290771484375,7.408597469329834,True,0.008137948735044476,0.05,0.001292036664332974,0.001309180164290491,0.002006054600712903,-0.0002608639787368139,0.0037915412844449214,0.3243922378300559,0.29663274835512154,0.31585588350137817,0.3987082543361515,0.4910502115885417,True,False,[5],sgd,500,0.9988936843898264,0.9976016477254934,0.9962924675612029,0.99428641296049,0.9945472769392268,0.9907557356547819,0.11271247267723083,0.11479812860488892,0.04294528812170029,0.0032368781976401806,0.9480599164962769,250,3,64,False,0.010823896693831601,[5],0.3381374180316925,0.11479812860488892,0.04294528812170029,3.236878197640181e-05,0.009480599164962768
8,7.98162841796875,6,0.9977035522460938,32,hier_x3,/mnt/disk1/backup_user/dat.tt2/xuance/external_baselines/dreamerv3-official/paper_artifacts/synthetic_convergence_v12/runs/hier_x3/seed_3/checkpoints/step_1000.npz,1000,hier_x3,0.00229644775390625,6.4675612449646,True,0.004995297760851725,0.05,0.0009442180260171851,0.0006123057278683008,0.0015177299575896974,0.0004527121148606428,0.0014683319345158985,0.29053216180408237,0.2654176919905449,0.290314506306356,0.3708119681864364,0.41083170572916666,True,True,[],sgd,1000,0.9988920053872532,0.997947787361236,0.9973354816333677,0.995817751675778,0.9953650395609174,0.9938967076264015,0.11296731233596802,0.11454814672470093,0.014783704653382301,0.0009124824427999556,0.9738932251930237,250,3,64,True,0.0919423156051069,[],0.33890193700790405,0.11454814672470093,0.014783704653382301,9.124824427999557e-06,0.009738932251930238
8,7.9986572265625,7,0.9998321533203125,32,hier_x3,/mnt/disk1/backup_user/dat.tt2/xuance/external_baselines/dreamerv3-official/paper_artifacts/synthetic_convergence_v12/runs/hier_x3/seed_4/checkpoints/step_500.npz,500,hier_x3,0.0001678466796875,7.759930610656738,True,0.0032607113656536457,0.05,0.001511279052966441,-0.001051850927813125,0.0038876862738981277,0.0022557841413327617,-0.00334218717473056,0.3346001729600715,0.30663129157871094,0.34793312733977044,0.3206889650386443,0.4975494384765625,True,False,"[3, 6]",sgd,500,0.9993839531411922,0.9978726740882258,0.9989245250160389,0.9950368387421408,0.992781054600808,0.9961232417755386,0.11296960711479187,0.11487524211406708,0.04474645107984543,0.003643500618636608,0.9404085874557495,250,4,64,False,0.010221636525621768,"[3, 6]",0.3389088213443756,0.11487524211406708,0.04474645107984543,3.643500618636608e-05,0.009404085874557495
8,7.995635986328125,6,0.9994544982910156,32,hier_x3,/mnt/disk1/backup_user/dat.tt2/xuance/external_baselines/dreamerv3-official/paper_artifacts/synthetic_convergence_v12/runs/hier_x3/seed_4/checkpoints/step_1000.npz,1000,hier_x3,0.000545501708984375,7.724043369293213,True,0.0034981576769225198,0.05,0.0011699113192739086,0.0002323209349929245,0.0012991061488515365,0.0014001114089112754,-0.0006032921351071252,0.2968324809830551,0.26821500690480315,0.29383067245544325,0.36801884139482566,0.4216969807942708,True,False,[6],sgd,1000,0.9990928671161383,0.9979229557968644,0.9976906348618715,0.99639152871302,0.9949914173041087,0.9955947094392158,0.11302123963832855,0.11456568539142609,0.01601666584610939,0.001004279125481844,0.9700983762741089,250,4,64,False,0.02808591441145225,[6],0.33906371891498566,0.11456568539142609,0.01601666584610939,1.004279125481844e-05,0.009700983762741089
8,7.99884033203125,7,0.9998550415039062,32,temp_003_hier_x3,/mnt/disk1/backup_user/dat.tt2/xuance/external_baselines/dreamerv3-official/paper_artifacts/synthetic_convergence_v12/runs/temp_003_hier_x3/seed_0/checkpoints/step_500.npz,500,temp_003_hier_x3,0.00014495849609375,7.760157585144043,True,0.007486318999541441,0.05,0.0022672720536756064,0.0009662217965813458,0.0008950851086128031,0.00023391156900964827,0.003123828471662038,0.3670472207293065,0.3294257491512141,0.36917924825127024,0.34750756331869803,0.49827880859375,True,True,[],sgd,500,0.999043380724508,0.9967761086708324,0.9958098868742511,0.9949148017656383,0.9946808901966286,0.9915570617249666,0.11268371343612671,0.11468483507633209,0.04371064156293869,0.0032016404438763857,0.9431304931640625,250,0,64,True,0.008997891884685525,[],0.3380511403083801,0.11468483507633209,0.04371064156293869,9.604921331629158e-06,0.009431304931640625
8,7.995941162109375,7,0.9994926452636719,32,temp_003_hier_x3,/mnt/disk1/backup_user/dat.tt2/xuance/external_baselines/dreamerv3-official/paper_artifacts/synthetic_convergence_v12/runs/temp_003_hier_x3/seed_0/checkpoints/step_1000.npz,1000,temp_003_hier_x3,0.000507354736328125,7.179051876068115,True,0.005255719896806177,0.05,0.0011798969661565017,0.0012418433242508131,0.0006303329133907631,0.000335712146077638,0.001867934546930461,0.3085250624409884,0.27735403899636496,0.3044803011684839,0.33459486918973835,0.4288716634114583,True,True,[],sgd,1000,0.9992641253786018,0.9980842284124453,0.9968423850881944,0.9962120521748037,0.995876340028726,0.9940084054817956,0.11296866834163666,0.11441588401794434,0.015677783638238907,0.0008138780831359327,0.9732933640480042,250,0,64,True,0.026402015904664386,[],0.33890600502491,0.11441588401794434,0.015677783638238907,2.441634249407798e-06,0.009732933640480041
8,7.998565673828125,7,0.9998207092285156,32,temp_003_hier_x3,/mnt/disk1/backup_user/dat.tt2/xuance/external_baselines/dreamerv3-official/paper_artifacts/synthetic_convergence_v12/runs/temp_003_hier_x3/seed_1/checkpoints/step_500.npz,500,temp_003_hier_x3,0.000179290771484375,7.500371932983398,True,0.005867318676222588,0.05,0.000622556480420311,0.0026162394832256464,-0.0013692707826988837,0.004173116711337133,-0.00017532321606161805,0.33722951781174565,0.30803704871255544,0.3220578301185092,0.40975824027540914,0.4871917724609375,True,False,"[4, 6]",sgd,500,0.9984989420480184,0.9978763855675981,0.9952601460843724,0.9966294168670713,0.9924563001557342,0.9926316233717958,0.11268588900566101,0.11480070650577545,0.042107682675123215,0.0033230611588805914,0.9453675746917725,250,1,64,False,0.010823896693831601,"[4, 6]",0.33805766701698303,0.11480070650577545,0.042107682675123215,9.969183476641775e-06,0.009453675746917726
8,7.9881591796875,7,0.9985198974609375,32,temp_003_hier_x3,/mnt/disk1/backup_user/dat.tt2/xuance/external_baselines/dreamerv3-official/paper_artifacts/synthetic_convergence_v12/runs/temp_003_hier_x3/seed_1/checkpoints/step_1000.npz,1000,temp_003_hier_x3,0.0014801025390625,6.964520454406738,True,0.0036096787952035747,0.05,0.00080892576604219,0.0011538282419940593,-0.0009780631831500797,0.0024721103676024203,0.00015287760271498474,0.32518190028613075,0.29648781962347565,0.31924033827171666,0.3534164769222395,0.404754638671875,True,False,[4],sgd,1000,0.9984783521743579,0.9976694264083157,0.9965155981663216,0.9974936613494717,0.9950215509818693,0.9948686733791543,0.11294274777173996,0.11451122164726257,0.014025128446519375,0.0009187704417854548,0.971515417098999,250,1,64,False,0.06429869457795938,[4],0.3388282433152199,0.11451122164726257,0.014025128446519375,2.756311325356364e-06,0.00971515417098999
8,7.999237060546875,7,0.9999046325683594,32,temp_003_hier_x3,/mnt/disk1/backup_user/dat.tt2/xuance/external_baselines/dreamerv3-official/paper_artifacts/synthetic_convergence_v12/runs/temp_003_hier_x3/seed_2/checkpoints/step_500.npz,500,temp_003_hier_x3,9.5367431640625e-05,7.786488056182861,True,0.005458614102490267,0.05,-0.00025715249936453244,0.0018339126526846217,0.003366753633432862,-0.0011746832213240799,0.0016897835370613956,0.3650658675446032,0.32764476774125095,0.3409942402901011,0.4120394823378932,0.5031341552734375,True,False,"[2, 5]",sgd,500,0.9986324669368637,0.9988896194362282,0.9970557067835436,0.9936889531501107,0.9948636363714348,0.9931738528343734,0.11282750964164734,0.11480841040611267,0.0427534356713295,0.0032951964531093836,0.9403801560401917,250,2,64,False,0.006239260942413728,"[2, 5]",0.338482528924942,0.11480841040611267,0.0427534356713295,9.885589359328151e-06,0.009403801560401917
8,7.9971923828125,7,0.9996490478515625,32,temp_003_hier_x3,/mnt/disk1/backup_user/dat.tt2/xuance/external_baselines/dreamerv3-official/paper_artifacts/synthetic_convergence_v12/runs/temp_003_hier_x3/seed_2/checkpoints/step_1000.npz,1000,temp_003_hier_x3,0.0003509521484375,7.382387638092041,True,0.003651477122419866,0.05,0.00018053696089403992,0.0012862043396050238,0.0014325426691403909,-0.00037963131864948707,0.0011318244714298986,0.3181928079261299,0.28355211798492375,0.323221793554436,0.3045136400540659,0.4233500162760417,True,False,[5],sgd,1000,0.9987269329237436,0.9985463959628496,0.9972601916232445,0.9958276489541041,0.9962072802727536,0.9950754558013237,0.11303555220365524,0.1145218163728714,0.013917291536927223,0.0008801178773865104,0.9716023206710815,250,2,64,False,0.019299579873532827,[5],0.33910665661096573,0.1145218163728714,0.013917291536927223,2.640353632159531e-06,0.009716023206710816
8,7.998687744140625,7,0.9998359680175781,32,temp_003_hier_x3,/mnt/disk1/backup_user/dat.tt2/xuance/external_baselines/dreamerv3-official/paper_artifacts/synthetic_convergence_v12/runs/temp_003_hier_x3/seed_3/checkpoints/step_500.npz,500,temp_003_hier_x3,0.000164031982421875,7.409692764282227,True,0.00814059979173909,0.05,0.0012922134014459186,0.0013120963266545216,0.0020067615491646817,-0.00025936171327656243,0.00378889022775053,0.3239461381784687,0.29749906255207287,0.31749472541443824,0.38834976777096414,0.4910786946614583,True,False,[5],sgd,500,0.9988920937558098,0.9975998803543639,0.9962877840277093,0.9942810224785447,0.9945403841918212,0.9907514939640707,0.11271163076162338,0.11479857563972473,0.04298565909266472,0.0032903109677135944,0.9477705359458923,250,3,64,False,0.01001951432120969,[5],0.33813489228487015,0.11479857563972473,0.04298565909266472,9.870932903140784e-06,0.009477705359458924
8,7.982177734375,6,0.997772216796875,32,temp_003_hier_x3,/mnt/disk1/backup_user/dat.tt2/xuance/external_baselines/dreamerv3-official/paper_artifacts/synthetic_convergence_v12/runs/temp_003_hier_x3/seed_3/checkpoints/step_1000.npz,1000,temp_003_hier_x3,0.002227783203125,6.479179859161377,True,0.004992293229931333,0.05,0.0009398879667495974,0.0006163706814665826,0.001520646119953506,0.0004540376432079496,0.0014613508185536972,0.2903916108736605,0.2639674029197359,0.28787576896854555,0.4104014625439965,0.4109415690104167,True,True,[],sgd,1000,0.9988752153615216,0.997935327394772,0.9973189567133054,0.9957983105933519,0.9953442729501439,0.9938829221315902,0.1129637211561203,0.11454793810844421,0.01483502984046936,0.0009448829223401845,0.9735567569732666,250,3,64,True,0.08964433823944917,[],0.3388911634683609,0.11454793810844421,0.01483502984046936,2.8346487670205536e-06,0.009735567569732666
8,7.998748779296875,7,0.9998435974121094,32,temp_003_hier_x3,/mnt/disk1/backup_user/dat.tt2/xuance/external_baselines/dreamerv3-official/paper_artifacts/synthetic_convergence_v12/runs/temp_003_hier_x3/seed_4/checkpoints/step_500.npz,500,temp_003_hier_x3,0.000156402587890625,7.760531425476074,True,0.003256911517724892,0.05,0.0015095116818367726,-0.0010542368788380996,0.0038929000187305496,0.002251100607839285,-0.0033423639118436155,0.33370518607870825,0.30526289295394854,0.3472459206047841,0.31755673622954383,0.49757588704427086,True,False,"[3, 6]",sgd,500,0.9993807718731589,0.9978712601913221,0.9989254970701602,0.9950325970514297,0.9927814964435904,0.996123860355434,0.1129693016409874,0.11487597227096558,0.0447874441742897,0.003700853791087866,0.9401033520698547,250,4,64,False,0.009613120886893926,"[3, 6]",0.3389079049229622,0.11487597227096558,0.0447874441742897,1.1102561373263597e-05,0.009401033520698548
8,7.9964599609375,6,0.9995574951171875,32,temp_003_hier_x3,/mnt/disk1/backup_user/dat.tt2/xuance/external_baselines/dreamerv3-official/paper_artifacts/synthetic_convergence_v12/runs/temp_003_hier_x3/seed_4/checkpoints/step_1000.npz,1000,temp_003_hier_x3,0.0004425048828125,7.725579261779785,True,0.0035005436279476054,0.05,0.0011749483269933858,0.00022224691955397002,0.0013040547880145414,0.0013987858805639686,-0.0005994922871782604,0.2965415204390346,0.26807527940493314,0.2938255164618767,0.36756189561486263,0.42177225748697916,True,False,[6],sgd,1000,0.9990774909873104,0.997902542660317,0.997680295740763,0.9963762409527485,0.9949774550721845,0.9955769473593628,0.11301754415035248,0.11456610262393951,0.016074368730187416,0.0010409319074824452,0.9696894884109497,250,4,64,False,0.023474853338905068,[6],0.33905263245105743,0.11456610262393951,0.016074368730187416,3.122795722447336e-06,0.009696894884109497
8,7.998870849609375,7,0.9998588562011719,32,temp_003,/mnt/disk1/backup_user/dat.tt2/xuance/external_baselines/dreamerv3-official/paper_artifacts/synthetic_convergence_v12/runs/temp_003/seed_0/checkpoints/step_500.npz,500,temp_003,0.000141143798828125,7.7514238357543945,True,0.002119431458680099,0.05,0.0011477308115968032,-0.0007527233641193565,0.0003124712157227538,-0.0004637581844210148,0.001875710979900913,0.35939600442329783,0.32095639531866044,0.33857458413771613,0.3986277735948329,0.4955210367838542,True,False,"[3, 5]",sgd,500,0.9998356932019316,0.9986879623903347,0.9994406857544541,0.9991282145387314,0.9995919727231524,0.9977162617432515,0.1135123074054718,0.11473929136991501,0.042856208980083466,0.0032468377612531185,0.9436162710189819,250,0,64,False,0.00879123443406175,"[3, 5]",0.1135123074054718,0.11473929136991501,0.042856208980083466,9.740513283759356e-06,0.00943616271018982
8,7.99310302734375,6,0.9991378784179688,32,temp_003,/mnt/disk1/backup_user/dat.tt2/xuance/external_baselines/dreamerv3-official/paper_artifacts/synthetic_convergence_v12/runs/temp_003/seed_0/checkpoints/step_1000.npz,1000,temp_003,0.00086212158203125,6.8391008377075195,True,0.0016784723618316066,0.05,0.0004188669577278592,0.0003274055017682409,3.464047414114546e-05,0.00010780963890888451,0.0007897497892854766,0.2931687865664895,0.2585120375940621,0.2852171971174959,0.43249840115751664,0.4001698811848958,True,True,[],sgd,1000,0.9999702785134547,0.9995514115557268,0.9992240060539586,0.9991893655798174,0.9990815559409085,0.998291806151623,0.11355208605527878,0.11447074264287949,0.012797901406884193,0.0006364980363287032,0.9773682951927185,250,0,64,True,0.04122686484856541,[],0.11355208605527878,0.11447074264287949,0.012797901406884193,1.9094941089861097e-06,0.009773682951927185
8,7.998565673828125,7,0.9998207092285156,32,temp_003,/mnt/disk1/backup_user/dat.tt2/xuance/external_baselines/dreamerv3-official/paper_artifacts/synthetic_convergence_v12/runs/temp_003/seed_1/checkpoints/step_500.npz,500,temp_003,0.000179290771484375,7.526859760284424,True,0.0008635375339485218,0.05,-0.0003395119940065028,0.0010649294741725823,-0.0014142503779485116,0.002655651859416963,-0.0011032814276860092,0.3274491449079794,0.29931696178922373,0.31960623906161534,0.3763096334228383,0.48285013834635415,True,False,"[2, 4, 6]",sgd,500,0.9997885043927698,1.0001280163867763,0.9990630869126037,1.0004773372905522,0.9978216854311353,0.9989249668588213,0.11355842649936676,0.11482896655797958,0.04120813310146332,0.0032967287115752697,0.9465131759643555,250,1,64,False,0.010823896693831601,"[2, 4, 6]",0.11355842649936676,0.11482896655797958,0.04120813310146332,9.890186134725809e-06,0.009465131759643555
8,7.98077392578125,6,0.9975967407226562,32,temp_003,/mnt/disk1/backup_user/dat.tt2/xuance/external_baselines/dreamerv3-official/paper_artifacts/synthetic_convergence_v12/runs/temp_003/seed_1/checkpoints/step_1000.npz,1000,temp_003,0.00240325927734375,6.8311076164245605,True,0.0007009393900203609,0.05,0.00019776882940814033,0.00018142064645887412,-0.0008124605083014158,0.0014957261870253147,-0.00036151576457055246,0.2926886547413242,0.26385832834162853,0.2865977587974523,0.4726077461083493,0.37804768880208334,True,False,"[4, 6]",sgd,1000,0.9997097680089437,0.9995119991795356,0.9993305785330767,1.0001430390413781,0.9986473128543528,0.9990088286189234,0.11356796324253082,0.11455534398555756,0.011258447542786598,0.0006800154806114733,0.9770078659057617,250,1,64,False,0.09518338599586604,"[4, 6]",0.11356796324253082,0.11455534398555756,0.011258447542786598,2.04004644183442e-06,0.009770078659057617
8,7.9986572265625,7,0.9998321533203125,32,temp_003,/mnt/disk1/backup_user/dat.tt2/xuance/external_baselines/dreamerv3-official/paper_artifacts/synthetic_convergence_v12/runs/temp_003/seed_2/checkpoints/step_500.npz,500,temp_003,0.0001678466796875,7.7978644371032715,True,0.0007430028229061802,0.05,-0.0010431908092778386,0.0006972279106483015,0.001725219328210792,-0.0014117760583669536,0.0007755224516918791,0.36133370017566596,0.32795755009040856,0.3425593955261462,0.4043261729380602,0.5019561767578125,True,False,"[2, 5]",sgd,500,0.9997457340114322,1.00078892482071,1.0000916969100617,0.9983664775818509,0.9997782536402179,0.999002731188526,0.11362525075674057,0.11479295790195465,0.04229581356048584,0.003201437648385763,0.941017746925354,250,2,64,False,0.010221636525621768,"[2, 5]",0.11362525075674057,0.11479295790195465,0.04229581356048584,9.60431294515729e-06,0.009410177469253541
8,7.9954833984375,6,0.9994354248046875,32,temp_003,/mnt/disk1/backup_user/dat.tt2/xuance/external_baselines/dreamerv3-official/paper_artifacts/synthetic_convergence_v12/runs/temp_003/seed_2/checkpoints/step_1000.npz,1000,temp_003,0.0005645751953125,7.122927188873291,True,0.0012140955975151746,0.05,-0.00031264795283569846,0.0006447369880975273,0.0003237823909524318,-0.00025891987049420084,0.0008171440417951148,0.2962225633849825,0.2611203211391494,0.2912204732508851,0.3203260221252585,0.39886881510416666,True,False,"[2, 5]",sgd,1000,0.9996529470271254,0.9999655949799611,0.9993208579918635,0.9989970756009111,0.9992559954714053,0.9984388514296102,0.11355581134557724,0.11452718079090118,0.01157674565911293,0.0006373745272867382,0.9762150645256042,250,2,64,False,0.028888738782337456,"[2, 5]",0.11355581134557724,0.11452718079090118,0.01157674565911293,1.9121235818602147e-06,0.009762150645256042
8,7.998809814453125,7,0.9998512268066406,32,temp_003,/mnt/disk1/backup_user/dat.tt2/xuance/external_baselines/dreamerv3-official/paper_artifacts/synthetic_convergence_v12/runs/temp_003/seed_3/checkpoints/step_500.npz,500,temp_003,0.000148773193359375,7.372313022613525,True,0.0024942025067230533,0.05,0.000686623683870291,-0.0003036343600744118,0.00026643119779523605,-0.0005239371713857688,0.002368719156517707,0.32214797715657656,0.2940560136491457,0.31463167065756087,0.3839856081497877,0.48591715494791665,True,False,"[3, 5]",sgd,500,0.9998137777999239,0.9991271541160536,0.999430788476128,0.9991643572783327,0.9996882944497185,0.9973195752932008,0.11352940648794174,0.11481191962957382,0.04215836524963379,0.003232874209061265,0.9488366842269897,250,3,64,False,0.009203745216025403,"[3, 5]",0.11352940648794174,0.11481191962957382,0.04215836524963379,9.698622627183795e-06,0.009488366842269898
8,7.971221923828125,6,0.9964027404785156,32,temp_003,/mnt/disk1/backup_user/dat.tt2/xuance/external_baselines/dreamerv3-official/paper_artifacts/synthetic_convergence_v12/runs/temp_003/seed_3/checkpoints/step_1000.npz,1000,temp_003,0.003597259521484375,6.208226203918457,True,0.0015575841765632648,0.05,0.00033332619505255234,-0.00037963131864948707,0.0004360988262419596,0.0004171879551545521,0.0007506025187636878,0.28460178711167217,0.25429246483592943,0.28208384140958176,0.3783475055789397,0.39155680338541665,True,False,[3],sgd,1000,0.9996575421920625,0.9993242159970099,0.9997038473156594,0.9992677484894175,0.9988505605342629,0.9980999580154992,0.11354310810565948,0.11457522213459015,0.012329699471592903,0.0006968986708670855,0.977439284324646,250,3,64,False,0.1311092966130823,[3],0.11354310810565948,0.11457522213459015,0.012329699471592903,2.0906960126012563e-06,0.00977439284324646
8,7.99884033203125,7,0.9998550415039062,32,temp_003,/mnt/disk1/backup_user/dat.tt2/xuance/external_baselines/dreamerv3-official/paper_artifacts/synthetic_convergence_v12/runs/temp_003/seed_4/checkpoints/step_500.npz,500,temp_003,0.00014495849609375,7.761105537414551,False,-0.0016531105861210538,0.05,0.0002935603446354573,-0.0019845810414875764,0.0028514765805823794,0.001082514816912572,-0.003896081286763886,0.32938697082612756,0.2947427216607273,0.33029503807922656,0.3310971461228637,0.49647318522135414,True,False,"[3, 6]",sgd,500,1.000381015563986,1.0000874552193506,1.0020720362608382,0.9992205596802558,0.9981380448633432,1.0020341261501071,0.11381518095731735,0.11487782001495361,0.044547080993652344,0.0037728215102106333,0.9399149417877197,250,4,64,False,0.008997891884685525,"[3, 6]",0.11381518095731735,0.11487782001495361,0.044547080993652344,1.13184645306319e-05,0.009399149417877197
8,7.9915771484375,6,0.9989471435546875,32,temp_003,/mnt/disk1/backup_user/dat.tt2/xuance/external_baselines/dreamerv3-official/paper_artifacts/synthetic_convergence_v12/runs/temp_003/seed_4/checkpoints/step_1000.npz,1000,temp_003,0.0010528564453125,7.787165641784668,True,0.0005470013646277083,0.05,0.0003989840325192562,-0.0004505029009486128,0.0007702203383028738,0.0007884242609382808,-0.0009601243661840897,0.28502268951090204,0.2541531805771381,0.28223923778197835,0.3753154312112196,0.40641886393229165,True,False,"[3, 6]",sgd,1000,0.9998892445471601,0.9994902605146408,0.9999407634155895,0.9991705430772866,0.9983821188163483,0.9993422431825324,0.11358754336833954,0.11457785964012146,0.014068081974983215,0.0008657147991470993,0.9729688763618469,250,4,64,False,0.04867788232532848,"[3, 6]",0.11358754336833954,0.11457785964012146,0.014068081974983215,2.597144397441298e-06,0.009729688763618469
