lambda_temp,lambda_vc,effective_rank,dead_feature_ratio,prefix6_nrmse,development_candidate_only
0.001,0.001,45.0,5.086263020837034e-05,1.075062855533705,False
0.001,0.003,45.0,5.086263020837034e-05,1.075062855533705,False
0.001,0.01,45.0,5.086263020837034e-05,1.075062855533705,False
0.003,0.001,45.0,5.086263020837034e-05,1.075062855533705,False
0.003,0.003,45.0,5.086263020837034e-05,1.075062855533705,False
0.003,0.01,45.0,5.086263020837034e-05,1.075062855533705,False
0.01,0.001,45.0,5.086263020837034e-05,1.075062855533705,False
0.01,0.003,45.0,5.086263020837034e-05,1.075062855533705,False
0.01,0.01,45.0,5.086263020837034e-05,1.075062855533705,False
