method,metric,mean,std,stderr,ci95_low,ci95_high,seed_count
hts_full,prefix_nrmse_l1,1.0042107674122542,0.0015889207495881925,0.0007105869613878239,1.0028945707845787,1.0056466504128294,5
hts_full,prefix_nrmse_l6,1.0063523793786113,0.0050067636792982964,0.0022390927868375893,1.0019081479359853,1.0108647429782853,5
hts_full,marginal_prefix_gain_l6,-0.0014462574691065156,0.0047499458516994525,0.002124240362768622,-0.005566388393976629,0.0029463490628222067,5
hts_full,prefix_reconstruction_improves,0.4,0.48989794855663565,0.21908902300206645,0.0,0.8,5
hts_full,predictive_utility_per_active_feature,0.9891985283250433,0.0010100256743664823,0.0004516972133807042,0.9882868664647969,0.9899841454247236,5
hts_full,factor_probe_accuracy,0.6351577758789062,0.025064549522538542,0.011209207311561215,0.6155914306640625,0.6575103759765625,5
hts_full,factor_fast_accuracy,0.5275390625,0.047949366365349244,0.021443608534192585,0.482220458984375,0.5616725158691406,5
hts_full,factor_mid_accuracy,0.53876953125,0.019354310602515884,0.008655510832974085,0.52257080078125,0.5556820678710938,5
hts_full,factor_slow_accuracy,0.491497802734375,0.06572500340888682,0.029393115088735263,0.442510986328125,0.55899658203125,5
hts_full,factor_context_accuracy,0.98282470703125,0.01918869405317721,0.00858144486047004,0.9639404296875,0.99793701171875,5
hts_full,boundary_precision,0.3956334563345633,0.016996437966502954,0.007601038133691779,0.3800707257072571,0.4097170971709717,5
hts_full,boundary_recall,0.71796875,0.030843982291890417,0.013793848220293345,0.6897265624999999,0.7435267857142858,5
hts_full,boundary_f1,0.5101506740681998,0.021916104784721495,0.00980118002012913,0.4900832672482156,0.5283108643933386,5
hts_full,boundary_detection_delay,0.0,0.0,0.0,0.0,0.0,5
hts_full,false_change_rate,0.6043665436654366,0.01699643796650298,0.007601038133691792,0.5902829028290283,0.6199292742927429,5
hts_full,revisit_similarity,0.78096976109163,0.03066048415688138,0.013711785359568419,0.7555043868267356,0.8097227984939886,5
hts_full,same_macro_distant_similarity,0.78096976109163,0.03066048415688138,0.013711785359568419,0.7555043868267356,0.8097227984939886,5
hts_full,different_macro_similarity,-0.030075746919996944,0.025417989242963453,0.01136727035972494,-0.0550836175317149,-0.009002010694269428,5
hts_full,nuisance_sensitivity,0.1662353515625,0.024967821094388228,0.011165949043421053,0.1445367431640625,0.187908935546875,5
hts_full,effective_rank,7.591999435424805,0.024805421196602905,0.011093321601223654,7.5738390445709225,7.614934069315593,5
hts_full,alive_feature_ratio,0.9998966217041015,5.890520641043376e-06,2.634320915247725e-06,0.9998917897542319,0.999902089436849,5
hts_full,dead_feature_ratio,0.00010337829589841529,5.890520641043376e-06,2.634320915247725e-06,9.791056315100466e-05,0.00010821024576823657,5
hts_full,topk_utilization_entropy,0.001693877372982319,0.0005639794555944044,0.00025221928012448245,0.001213900234817683,0.002164416597415181,5
hts_full,active_count_audit,7.999822998046875,6.51677139406208e-05,2.9143887661897757e-05,7.99976806640625,7.9998779296875,5
hts_full,learning_rate,0.05,0.0,0.0,0.05,0.05,5
hts_full,batch_size,32.0,0.0,0.0,32.0,32.0,5
hts_full,sequence_length,64.0,0.0,0.0,64.0,64.0,5
hts_full,optimizer_updates,250.0,0.0,0.0,250.0,250.0,5
hts_full,lambda_hier,1.0,0.0,0.0,1.0,1.0,5
hts_full,lambda_sdyn,1.0,0.0,0.0,1.0,1.0,5
hts_full,lambda_temp,0.01,0.0,0.0,0.01,0.01,5
hts_full,lambda_vc,0.01,0.0,0.0,0.01,0.01,5
hts_full,lambda_sparse,1.0,0.0,0.0,1.0,1.0,5
hts_full,development_candidate_only,1.0,0.0,0.0,1.0,1.0,5
hts_full,initial_loss,1.225524091720581,0.005306253459250425,0.002373028688145472,1.2208957195281982,1.2299938571453095,5
hts_full,final_loss,1.073207187652588,0.009327364025547244,0.004171324002401945,1.063906717300415,1.0791643619537354,5
hts_full,checkpoint_load_pass,1.0,0.0,0.0,1.0,1.0,5
hts_full,model_derived_metrics,1.0,0.0,0.0,1.0,1.0,5
hts_full,no_evaluation_label_leak_training,1.0,0.0,0.0,1.0,1.0,5
hts_full,wall_clock_seconds,40.6416,7.357792402616427,3.2905047953163664,36.7404,47.96069,5
flat_sae,prefix_nrmse_l1,1.0003873074052076,0.0002793534526695375,0.00012493066198367118,1.000163222419679,1.0006564603545425,5
flat_sae,prefix_nrmse_l6,1.0018667384304176,0.002516864453095892,0.001125576001455049,0.9999835514706383,1.0043766705401946,5
flat_sae,marginal_prefix_gain_l6,-0.0008742124555716658,0.003216641806878823,0.0014385259478897597,-0.0039642841386572595,0.001590846101223331,5
flat_sae,prefix_reconstruction_improves,0.2,0.4,0.17888543819998318,0.0,0.6,5
flat_sae,predictive_utility_per_active_feature,0.992759304533908,0.00032417423842405273,0.00014497512673408122,0.9924963644550255,0.9930223621319365,5
flat_sae,factor_probe_accuracy,0.5269882202148437,0.031527051290134674,0.014099325962972715,0.5019790649414062,0.553753662109375,5
flat_sae,factor_fast_accuracy,0.52740478515625,0.04753266162143011,0.02125725250740262,0.4822021484375,0.561431884765625,5
flat_sae,factor_mid_accuracy,0.53912353515625,0.01874756201152768,0.008384164614033717,0.5234072875976563,0.5550689697265625,5
flat_sae,factor_slow_accuracy,0.49166259765625,0.0669517200237984,0.02994171943674941,0.442169189453125,0.56082763671875,5
flat_sae,factor_context_accuracy,0.549761962890625,0.04766617343331731,0.021316960804838407,0.5054727172851563,0.586248779296875,5
flat_sae,boundary_precision,0.1805658056580566,0.02215337179502391,0.0099072890529,0.16248001230012296,0.20190651906519066,5
flat_sae,boundary_recall,0.3276785714285715,0.04020243586909472,0.017979075892874327,0.2948577008928571,0.36640625,5
flat_sae,boundary_f1,0.23283108643933384,0.028565727627842107,0.012774981760519753,0.2095103092783505,0.26034892942109444,5
flat_sae,boundary_detection_delay,0.0,0.0,0.0,0.0,0.0,5
flat_sae,false_change_rate,0.8194341943419434,0.022153371795023875,0.009907289052899984,0.7980934809348095,0.8375199876998771,5
flat_sae,revisit_similarity,0.2853140439047047,0.11667055535083175,0.052176658547422324,0.18136439316605038,0.38522031159273956,5
flat_sae,same_macro_distant_similarity,0.2853140439047047,0.11667055535083175,0.052176658547422324,0.18136439316605038,0.38522031159273956,5
flat_sae,different_macro_similarity,-0.015487884181884367,0.016493572500297437,0.0073761498604972475,-0.029843972201528506,-0.0011317961622402234,5
flat_sae,nuisance_sensitivity,0.491131591796875,0.022794744165829477,0.01019411949690229,0.4724365234375,0.511431884765625,5
flat_sae,effective_rank,7.704474846522014,0.03897029130192592,0.017428044090815026,7.671365690231323,7.738672288258871,5
flat_sae,alive_feature_ratio,0.9998933156331381,7.095747084724823e-06,3.1733145665181325e-06,0.9998882198333741,0.9999003092447918,5
flat_sae,dead_feature_ratio,0.00010668436686196436,7.095747084724823e-06,3.1733145665181325e-06,9.969075520830373e-05,0.00011178016662597656,5
flat_sae,topk_utilization_entropy,0.007263553591690191,0.0011048157655473832,0.0004940886308754837,0.0063652196677875155,0.008161887515592867,5
flat_sae,active_count_audit,7.999090576171875,0.0001572765957852188,7.033623188910122e-05,7.99896240234375,7.99921875,5
flat_sae,learning_rate,0.05,0.0,0.0,0.05,0.05,5
flat_sae,batch_size,32.0,0.0,0.0,32.0,32.0,5
flat_sae,sequence_length,64.0,0.0,0.0,64.0,64.0,5
flat_sae,optimizer_updates,250.0,0.0,0.0,250.0,250.0,5
flat_sae,lambda_hier,1.0,0.0,0.0,1.0,1.0,5
flat_sae,lambda_sdyn,1.0,0.0,0.0,1.0,1.0,5
flat_sae,lambda_temp,0.01,0.0,0.0,0.01,0.01,5
flat_sae,lambda_vc,0.01,0.0,0.0,0.01,0.01,5
flat_sae,lambda_sparse,1.0,0.0,0.0,1.0,1.0,5
flat_sae,development_candidate_only,1.0,0.0,0.0,1.0,1.0,5
flat_sae,initial_loss,0.20255378186702727,0.0017294065310658143,0.0007734141128390525,0.20111231803894042,0.20404810309410096,5
flat_sae,final_loss,0.1755718469619751,0.0016128951144509622,0.0007213086232979309,0.17429886162281036,0.17716127634048462,5
flat_sae,checkpoint_load_pass,1.0,0.0,0.0,1.0,1.0,5
flat_sae,model_derived_metrics,1.0,0.0,0.0,1.0,1.0,5
flat_sae,no_evaluation_label_leak_training,1.0,0.0,0.0,1.0,1.0,5
flat_sae,wall_clock_seconds,28.479000000000003,0.49893606804880336,0.22313099291671704,28.0068,28.891200000000005,5
flat_mh,prefix_nrmse_l1,1.00160463729189,0.0007998593522880194,0.00035770797683099264,1.0010199555747783,1.0023714466039126,5
flat_mh,prefix_nrmse_l6,1.0086951535269457,0.0037754603964807796,0.0016884372185778662,1.0055422518002008,1.0118480552536906,5
flat_mh,marginal_prefix_gain_l6,-0.0031630994581628435,0.0040283695344065385,0.0018015416234844395,-0.006516580134411987,0.0002306949535536784,5
flat_mh,prefix_reconstruction_improves,0.0,0.0,0.0,0.0,0.0,5
flat_mh,predictive_utility_per_active_feature,0.9927567242939688,0.0005224840025432619,0.0002336619493685813,0.9923413163474752,0.9932206970936452,5
flat_mh,factor_probe_accuracy,0.5614044189453125,0.03674158257664357,0.01643133524845938,0.5312814712524414,0.5930038452148437,5
flat_mh,factor_fast_accuracy,0.524249267578125,0.05096967146325276,0.022794330036532865,0.476239013671875,0.56260986328125,5
flat_mh,factor_mid_accuracy,0.550537109375,0.02231788692306467,0.009980862454825244,0.531494140625,0.5695887756347656,5
flat_mh,factor_slow_accuracy,0.50162353515625,0.06625549763685139,0.029630359319815273,0.45130615234375,0.566241455078125,5
flat_mh,factor_context_accuracy,0.669207763671875,0.06599128488867452,0.029512199786726173,0.6071299743652344,0.721527099609375,5
flat_mh,boundary_precision,0.20854858548585486,0.02463281976257512,0.01101613189332364,0.18995079950799507,0.23191881918819188,5
flat_mh,boundary_recall,0.37845982142857143,0.04470196979235172,0.01999132863676812,0.3447098214285714,0.4208705357142857,5
flat_mh,boundary_f1,0.26891356066613803,0.03176285878980741,0.014204782282747215,0.24493259318001587,0.29904837430610626,5
flat_mh,boundary_detection_delay,0.0,0.0,0.0,0.0,0.0,5
flat_mh,false_change_rate,0.7914514145141451,0.02463281976257513,0.011016131893323643,0.7680811808118082,0.810049200492005,5
flat_mh,revisit_similarity,0.4043239573853201,0.11071255052970658,0.04951215778936085,0.3075845179886456,0.491396423428548,5
flat_mh,same_macro_distant_similarity,0.4043239573853201,0.11071255052970658,0.04951215778936085,0.3075845179886456,0.491396423428548,5
flat_mh,different_macro_similarity,0.08661109384767571,0.08230034335001914,0.03680583246044311,0.029952609191485548,0.1666079602030347,5
flat_mh,nuisance_sensitivity,0.4031005859375,0.024150041823716207,0.010800227035458486,0.386370849609375,0.4260646057128906,5
flat_mh,effective_rank,7.710719919204712,0.031121937167517703,0.013918153419609369,7.686184247334799,7.737957890828452,5
flat_mh,alive_feature_ratio,0.9999225616455079,6.090255744838896e-06,2.7236451691636767e-06,0.9999174753824869,0.9999276510874431,5
flat_mh,dead_feature_ratio,7.74383544921875e-05,6.090255744838896e-06,2.7236451691636767e-06,7.234891255697373e-05,8.252461751303563e-05,5
flat_mh,topk_utilization_entropy,0.005485234857005853,0.0003636026322162605,0.00016260804048668268,0.005171170103292681,0.005797591172046778,5
flat_mh,active_count_audit,7.9993408203125,4.958519534079566e-05,2.2175173491924986e-05,7.999298095703125,7.999383544921875,5
flat_mh,learning_rate,0.05,0.0,0.0,0.05,0.05,5
flat_mh,batch_size,32.0,0.0,0.0,32.0,32.0,5
flat_mh,sequence_length,64.0,0.0,0.0,64.0,64.0,5
flat_mh,optimizer_updates,250.0,0.0,0.0,250.0,250.0,5
flat_mh,lambda_hier,1.0,0.0,0.0,1.0,1.0,5
flat_mh,lambda_sdyn,1.0,0.0,0.0,1.0,1.0,5
flat_mh,lambda_temp,0.01,0.0,0.0,0.01,0.01,5
flat_mh,lambda_vc,0.01,0.0,0.0,0.01,0.01,5
flat_mh,lambda_sparse,1.0,0.0,0.0,1.0,1.0,5
flat_mh,development_candidate_only,1.0,0.0,0.0,1.0,1.0,5
flat_mh,initial_loss,0.11588111370801926,9.593849183557124e-05,4.290499788062917e-05,0.1157930389046669,0.1159606546163559,5
flat_mh,final_loss,0.11538374274969102,0.00010976158794508102,4.908687439270452e-05,0.11528686881065368,0.11547103062272071,5
flat_mh,checkpoint_load_pass,1.0,0.0,0.0,1.0,1.0,5
flat_mh,model_derived_metrics,1.0,0.0,0.0,1.0,1.0,5
flat_mh,no_evaluation_label_leak_training,1.0,0.0,0.0,1.0,1.0,5
flat_mh,wall_clock_seconds,28.6776,0.1813996692389494,0.08112439830285367,28.5262,28.8358,5
flat_partition_dim_matched,prefix_nrmse_l1,1.0009415373177555,0.0006090184506486189,0.00027236133104038254,1.000499729882765,1.001525246980746,5
flat_partition_dim_matched,prefix_nrmse_l6,1.0041605563984606,0.003856557205292407,0.0017247048140300867,1.0009745518104576,1.0076009740605776,5
flat_partition_dim_matched,marginal_prefix_gain_l6,-0.002212642612058069,0.004313813268026999,0.0019291959419097777,-0.006032302771175768,0.0015416601626850658,5
flat_partition_dim_matched,prefix_reconstruction_improves,0.2,0.4000000000000001,0.1788854381999832,0.0,0.6,5
flat_partition_dim_matched,predictive_utility_per_active_feature,0.990786454367206,0.0004450807785310277,0.0001990461752547814,0.9903857370579577,0.991134493367724,5
flat_partition_dim_matched,factor_probe_accuracy,0.5604568481445312,0.03423152888553397,0.015308805112360314,0.5322672271728516,0.590362548828125,5
flat_partition_dim_matched,factor_fast_accuracy,0.52337646484375,0.04969914042076817,0.022226131280829026,0.47664794921875,0.560748291015625,5
flat_partition_dim_matched,factor_mid_accuracy,0.55120849609375,0.02104215670162946,0.009410338555609245,0.5323486328125,0.5682904052734374,5
flat_partition_dim_matched,factor_slow_accuracy,0.499786376953125,0.0667487735332011,0.029850959006995297,0.450115966796875,0.565704345703125,5
flat_partition_dim_matched,factor_context_accuracy,0.6674560546875,0.061323736118794145,0.027424808519176565,0.6090400695800782,0.714794921875,5
flat_partition_dim_matched,boundary_precision,0.20793357933579334,0.023907370363341875,0.010691701059139256,0.18948339483394835,0.23075030750307501,5
flat_partition_dim_matched,boundary_recall,0.37734375,0.043385473449546755,0.019402573573839767,0.3438616071428572,0.41875,5
flat_partition_dim_matched,boundary_f1,0.2681205392545599,0.030827426019662076,0.013786444030262033,0.24432989690721651,0.29754163362410785,5
flat_partition_dim_matched,boundary_detection_delay,0.0,0.0,0.0,0.0,0.0,5
flat_partition_dim_matched,false_change_rate,0.7920664206642065,0.023907370363341843,0.010691701059139242,0.7692496924969251,0.8105166051660516,5
flat_partition_dim_matched,revisit_similarity,0.41060075294246534,0.11310440421423132,0.05058182727552698,0.31225939706845346,0.5006967326906312,5
flat_partition_dim_matched,same_macro_distant_similarity,0.41060075294246534,0.11310440421423132,0.05058182727552698,0.31225939706845346,0.5006967326906312,5
flat_partition_dim_matched,different_macro_similarity,0.0992106433852866,0.07833765246369725,0.03503366322131619,0.04391099814163955,0.17725519709586662,5
flat_partition_dim_matched,nuisance_sensitivity,0.40350341796875,0.023677817753820666,0.010589042011278877,0.385394287109375,0.42480834960937497,5
flat_partition_dim_matched,effective_rank,7.7093343257904055,0.03195034580387568,0.014288629024418235,7.683622105916342,7.736872577667237,5
flat_partition_dim_matched,alive_feature_ratio,0.9999284108479818,6.638985942698723e-06,2.9690447739079735e-06,0.9999221801757813,0.9999338785807291,5
flat_partition_dim_matched,dead_feature_ratio,7.158915201823656e-05,6.638985942698723e-06,2.9690447739079735e-06,6.612141927082593e-05,7.781982421875e-05,5
flat_partition_dim_matched,topk_utilization_entropy,0.00474760890055656,0.0010426847976540287,0.00046630281733200425,0.003976259172872558,0.005733536327071821,5
flat_partition_dim_matched,active_count_audit,7.9994384765625,0.0001413066028172635,6.31942339137929e-05,7.99930419921875,7.999542236328125,5
flat_partition_dim_matched,learning_rate,0.05,0.0,0.0,0.05,0.05,5
flat_partition_dim_matched,batch_size,32.0,0.0,0.0,32.0,32.0,5
flat_partition_dim_matched,sequence_length,64.0,0.0,0.0,64.0,64.0,5
flat_partition_dim_matched,optimizer_updates,250.0,0.0,0.0,250.0,250.0,5
flat_partition_dim_matched,lambda_hier,1.0,0.0,0.0,1.0,1.0,5
flat_partition_dim_matched,lambda_sdyn,1.0,0.0,0.0,1.0,1.0,5
flat_partition_dim_matched,lambda_temp,0.01,0.0,0.0,0.01,0.01,5
flat_partition_dim_matched,lambda_vc,0.01,0.0,0.0,0.01,0.01,5
flat_partition_dim_matched,lambda_sparse,1.0,0.0,0.0,1.0,1.0,5
flat_partition_dim_matched,development_candidate_only,1.0,0.0,0.0,1.0,1.0,5
flat_partition_dim_matched,initial_loss,0.11485594511032104,0.0003144764115736146,0.00014063812671976077,0.11460244953632355,0.11511040329933167,5
flat_partition_dim_matched,final_loss,0.11425305753946305,0.00032060971203421606,0.00014338102207102788,0.11399467289447784,0.1145416334271431,5
flat_partition_dim_matched,checkpoint_load_pass,1.0,0.0,0.0,1.0,1.0,5
flat_partition_dim_matched,model_derived_metrics,1.0,0.0,0.0,1.0,1.0,5
flat_partition_dim_matched,no_evaluation_label_leak_training,1.0,0.0,0.0,1.0,1.0,5
flat_partition_dim_matched,wall_clock_seconds,26.841999999999995,0.5132839370173207,0.2295475549858899,26.5226,27.361,5
matryoshka_only,prefix_nrmse_l1,1.0003873074052076,0.0002793534526695375,0.00012493066198367118,1.000163222419679,1.0006564603545425,5
matryoshka_only,prefix_nrmse_l6,1.0018667384304176,0.002516864453095892,0.001125576001455049,0.9999835514706383,1.0043766705401946,5
matryoshka_only,marginal_prefix_gain_l6,-0.0008742124555716658,0.003216641806878823,0.0014385259478897597,-0.0039642841386572595,0.001590846101223331,5
matryoshka_only,prefix_reconstruction_improves,0.2,0.4,0.17888543819998318,0.0,0.6,5
matryoshka_only,predictive_utility_per_active_feature,0.992759304533908,0.00032417423842405273,0.00014497512673408122,0.9924963644550255,0.9930223621319365,5
matryoshka_only,factor_probe_accuracy,0.5269882202148437,0.031527051290134674,0.014099325962972715,0.5019790649414062,0.553753662109375,5
matryoshka_only,factor_fast_accuracy,0.52740478515625,0.04753266162143011,0.02125725250740262,0.4822021484375,0.561431884765625,5
matryoshka_only,factor_mid_accuracy,0.53912353515625,0.01874756201152768,0.008384164614033717,0.5234072875976563,0.5550689697265625,5
matryoshka_only,factor_slow_accuracy,0.49166259765625,0.0669517200237984,0.02994171943674941,0.442169189453125,0.56082763671875,5
matryoshka_only,factor_context_accuracy,0.549761962890625,0.04766617343331731,0.021316960804838407,0.5054727172851563,0.586248779296875,5
matryoshka_only,boundary_precision,0.1805658056580566,0.02215337179502391,0.0099072890529,0.16248001230012296,0.20190651906519066,5
matryoshka_only,boundary_recall,0.3276785714285715,0.04020243586909472,0.017979075892874327,0.2948577008928571,0.36640625,5
matryoshka_only,boundary_f1,0.23283108643933384,0.028565727627842107,0.012774981760519753,0.2095103092783505,0.26034892942109444,5
matryoshka_only,boundary_detection_delay,0.0,0.0,0.0,0.0,0.0,5
matryoshka_only,false_change_rate,0.8194341943419434,0.022153371795023875,0.009907289052899984,0.7980934809348095,0.8375199876998771,5
matryoshka_only,revisit_similarity,0.2853140439047047,0.11667055535083175,0.052176658547422324,0.18136439316605038,0.38522031159273956,5
matryoshka_only,same_macro_distant_similarity,0.2853140439047047,0.11667055535083175,0.052176658547422324,0.18136439316605038,0.38522031159273956,5
matryoshka_only,different_macro_similarity,-0.015487884181884367,0.016493572500297437,0.0073761498604972475,-0.029843972201528506,-0.0011317961622402234,5
matryoshka_only,nuisance_sensitivity,0.491131591796875,0.022794744165829477,0.01019411949690229,0.4724365234375,0.511431884765625,5
matryoshka_only,effective_rank,7.704474846522014,0.03897029130192592,0.017428044090815026,7.671365690231323,7.738672288258871,5
matryoshka_only,alive_feature_ratio,0.9998933156331381,7.095747084724823e-06,3.1733145665181325e-06,0.9998882198333741,0.9999003092447918,5
matryoshka_only,dead_feature_ratio,0.00010668436686196436,7.095747084724823e-06,3.1733145665181325e-06,9.969075520830373e-05,0.00011178016662597656,5
matryoshka_only,topk_utilization_entropy,0.007263553591690191,0.0011048157655473832,0.0004940886308754837,0.0063652196677875155,0.008161887515592867,5
matryoshka_only,active_count_audit,7.999090576171875,0.0001572765957852188,7.033623188910122e-05,7.99896240234375,7.99921875,5
matryoshka_only,learning_rate,0.05,0.0,0.0,0.05,0.05,5
matryoshka_only,batch_size,32.0,0.0,0.0,32.0,32.0,5
matryoshka_only,sequence_length,64.0,0.0,0.0,64.0,64.0,5
matryoshka_only,optimizer_updates,250.0,0.0,0.0,250.0,250.0,5
matryoshka_only,lambda_hier,1.0,0.0,0.0,1.0,1.0,5
matryoshka_only,lambda_sdyn,1.0,0.0,0.0,1.0,1.0,5
matryoshka_only,lambda_temp,0.01,0.0,0.0,0.01,0.01,5
matryoshka_only,lambda_vc,0.01,0.0,0.0,0.01,0.01,5
matryoshka_only,lambda_sparse,1.0,0.0,0.0,1.0,1.0,5
matryoshka_only,development_candidate_only,1.0,0.0,0.0,1.0,1.0,5
matryoshka_only,initial_loss,0.20255378186702727,0.0017294065310658143,0.0007734141128390525,0.20111231803894042,0.20404810309410096,5
matryoshka_only,final_loss,0.1755718469619751,0.0016128951144509622,0.0007213086232979309,0.17429886162281036,0.17716127634048462,5
matryoshka_only,checkpoint_load_pass,1.0,0.0,0.0,1.0,1.0,5
matryoshka_only,model_derived_metrics,1.0,0.0,0.0,1.0,1.0,5
matryoshka_only,no_evaluation_label_leak_training,1.0,0.0,0.0,1.0,1.0,5
matryoshka_only,wall_clock_seconds,27.4698,0.2507137012610204,0.11212257578204327,27.283800000000003,27.708999999999996,5
dense_multistride_no_sparse,prefix_nrmse_l1,1.0053005991456434,0.0015775591585183268,0.000705505903394869,1.004037671083816,1.0067284229338676,5
dense_multistride_no_sparse,prefix_nrmse_l6,1.0097502564176373,0.006167126117969292,0.0027580226451187446,1.0041825424953135,1.0144038329705707,5
dense_multistride_no_sparse,marginal_prefix_gain_l6,-0.003109176964997151,0.006593572964680766,0.0029487354727262024,-0.008503236953291294,0.002915010479793949,5
dense_multistride_no_sparse,prefix_reconstruction_improves,0.2,0.4000000000000001,0.1788854381999832,0.0,0.6,5
dense_multistride_no_sparse,predictive_utility_per_active_feature,0.9873447552014722,0.001303153931772753,0.0005827881553179997,0.9861449649957938,0.9883967549077891,5
dense_multistride_no_sparse,factor_probe_accuracy,0.641021728515625,0.024773778675013333,0.011079170635372896,0.62198486328125,0.6628463745117188,5
dense_multistride_no_sparse,factor_fast_accuracy,0.5234130859375,0.05009644415803815,0.022403810913679104,0.476007080078125,0.561212158203125,5
dense_multistride_no_sparse,factor_mid_accuracy,0.551556396484375,0.021090791636102744,0.009432088759521949,0.533001708984375,0.5688784790039062,5
dense_multistride_no_sparse,factor_slow_accuracy,0.500164794921875,0.06543344686155905,0.02926272703691326,0.4506517028808594,0.56439208984375,5
dense_multistride_no_sparse,factor_context_accuracy,0.98895263671875,0.013442873656556796,0.0060118358618004315,0.975634765625,0.99912109375,5
dense_multistride_no_sparse,boundary_precision,0.39464944649446493,0.018128186508585418,0.008107171468398313,0.3784532595325953,0.40978013530135304,5
dense_multistride_no_sparse,boundary_recall,0.7161830357142858,0.032897802748839196,0.014712344651356776,0.6867912946428572,0.7436411830357142,5
dense_multistride_no_sparse,boundary_f1,0.5088818398096748,0.023375441128437664,0.0104538150734462,0.4879976209357652,0.5283921490880253,5
dense_multistride_no_sparse,boundary_detection_delay,0.0,0.0,0.0,0.0,0.0,5
dense_multistride_no_sparse,false_change_rate,0.605350553505535,0.018128186508585446,0.008107171468398325,0.590219864698647,0.6215467404674047,5
dense_multistride_no_sparse,revisit_similarity,0.8080646513915266,0.029111164389633386,0.013018908495878284,0.7831895777030599,0.8346761967243463,5
dense_multistride_no_sparse,same_macro_distant_similarity,0.8080646513915266,0.029111164389633386,0.013018908495878284,0.7831895777030599,0.8346761967243463,5
dense_multistride_no_sparse,different_macro_similarity,-0.019903464967899874,0.029085692693093544,0.013007517206885219,-0.044428402594315075,0.003433092958137532,5
dense_multistride_no_sparse,nuisance_sensitivity,0.154351806640625,0.023501082641438242,0.010510003666219245,0.13378952026367188,0.174578857421875,5
dense_multistride_no_sparse,effective_rank,7.574597771962483,0.028846202888383667,0.01290041411023533,7.551651477813721,7.601312208175659,5
dense_multistride_no_sparse,alive_feature_ratio,0.9999338785807292,7.554855742122045e-06,3.3786341999179027e-06,0.9999267578125,0.9999399820963542,5
dense_multistride_no_sparse,dead_feature_ratio,6.612141927082593e-05,7.554855742122046e-06,3.3786341999179027e-06,6.0017903645848136e-05,7.32421874999778e-05,5
dense_multistride_no_sparse,topk_utilization_entropy,0.0019278237219102895,0.001021436509080389,0.0004568002938007662,0.0010624479268560305,0.0027673894890893696,5
dense_multistride_no_sparse,active_count_audit,7.99979248046875,0.00011803637454720284,5.2787471461034304e-05,7.99969482421875,7.99989013671875,5
dense_multistride_no_sparse,learning_rate,0.05,0.0,0.0,0.05,0.05,5
dense_multistride_no_sparse,batch_size,32.0,0.0,0.0,32.0,32.0,5
dense_multistride_no_sparse,sequence_length,64.0,0.0,0.0,64.0,64.0,5
dense_multistride_no_sparse,optimizer_updates,250.0,0.0,0.0,250.0,250.0,5
dense_multistride_no_sparse,lambda_hier,1.0,0.0,0.0,1.0,1.0,5
dense_multistride_no_sparse,lambda_sdyn,1.0,0.0,0.0,1.0,1.0,5
dense_multistride_no_sparse,lambda_temp,0.01,0.0,0.0,0.01,0.01,5
dense_multistride_no_sparse,lambda_vc,0.01,0.0,0.0,0.01,0.01,5
dense_multistride_no_sparse,lambda_sparse,1.0,0.0,0.0,1.0,1.0,5
dense_multistride_no_sparse,development_candidate_only,1.0,0.0,0.0,1.0,1.0,5
dense_multistride_no_sparse,initial_loss,1.1378262281417846,0.0061701521705065316,0.0027593759369540956,1.1325202941894532,1.1430151224136353,5
dense_multistride_no_sparse,final_loss,0.9593984127044678,0.013186758492857158,0.0058972976785802555,0.9467376232147217,0.9682389974594117,5
dense_multistride_no_sparse,checkpoint_load_pass,1.0,0.0,0.0,1.0,1.0,5
dense_multistride_no_sparse,model_derived_metrics,1.0,0.0,0.0,1.0,1.0,5
dense_multistride_no_sparse,no_evaluation_label_leak_training,1.0,0.0,0.0,1.0,1.0,5
dense_multistride_no_sparse,wall_clock_seconds,36.3444,1.6075376947368913,0.718912712364999,35.00602,37.7462,5
hts_no_temp,prefix_nrmse_l1,1.004613904766928,0.0015575906837162557,0.0006965757299819844,1.003295817052144,1.0059319924817118,5
hts_no_temp,prefix_nrmse_l6,1.0067771670296235,0.005055265790529528,0.002260783590390647,1.0024153657764845,1.011490586769007,5
hts_no_temp,marginal_prefix_gain_l6,-0.001456525895369798,0.0046803812492660435,0.0020931301267948523,-0.005127603163617644,0.0026997124216791013,5
hts_no_temp,prefix_reconstruction_improves,0.2,0.4000000000000001,0.1788854381999832,0.0,0.6,5
hts_no_temp,predictive_utility_per_active_feature,0.9886841561650455,0.0009378464011648656,0.0004194176610916355,0.9878495416536567,0.989418650899192,5
hts_no_temp,factor_probe_accuracy,0.6286239624023438,0.027061189446310828,0.01210213183079018,0.6062225341796875,0.6529342651367187,5
hts_no_temp,factor_fast_accuracy,0.5276123046875,0.047973529534071004,0.021454414631755313,0.482281494140625,0.5617765808105469,5
hts_no_temp,factor_mid_accuracy,0.538751220703125,0.019394898348711793,0.008673662224883598,0.52252197265625,0.5556820678710938,5
hts_no_temp,factor_slow_accuracy,0.491583251953125,0.06568826396218407,0.029376684708678647,0.442620849609375,0.559051513671875,5
hts_no_temp,factor_context_accuracy,0.956549072265625,0.034194367662170246,0.015292186108046646,0.925006103515625,0.98291015625,5
hts_no_temp,boundary_precision,0.27865928659286593,0.028441890148887972,0.012719599956299024,0.25891758917589175,0.3083071955719557,5
hts_no_temp,boundary_recall,0.5056919642857143,0.051614412256798914,0.02308266688498014,0.46986607142857145,0.5594949776785714,5
hts_no_temp,boundary_f1,0.3593180015860429,0.03667447532283255,0.016401323972198425,0.33386201427438544,0.3975475812846947,5
hts_no_temp,boundary_detection_delay,0.0,0.0,0.0,0.0,0.0,5
hts_no_temp,false_change_rate,0.7213407134071341,0.028441890148887993,0.012719599956299033,0.6916928044280442,0.7410824108241083,5
hts_no_temp,revisit_similarity,0.6399564529178721,0.05396408193137433,0.024133471108384225,0.589401923873362,0.6862924481276403,5
hts_no_temp,same_macro_distant_similarity,0.6399564529178721,0.05396408193137433,0.024133471108384225,0.589401923873362,0.6862924481276403,5
hts_no_temp,different_macro_similarity,-0.031158970608982095,0.02296550819743742,0.010270487493459745,-0.053349583770551136,-0.011968848117692277,5
hts_no_temp,nuisance_sensitivity,0.194818115234375,0.02305715945676772,0.010311475182676949,0.175494384765625,0.214141845703125,5
hts_no_temp,effective_rank,7.646156374613445,0.02331664476250041,0.01042752053923307,7.6289133866628,7.667679720719655,5
hts_no_temp,alive_feature_ratio,0.9999000549316406,7.644215070208298e-06,3.418596906322816e-06,0.9998935699462891,0.9999065399169922,5
hts_no_temp,dead_feature_ratio,9.9945068359375e-05,7.644215070208298e-06,3.418596906322816e-06,9.34600830077903e-05,0.00010643005371095971,5
hts_no_temp,topk_utilization_entropy,0.0020056735147703847,0.0006585549261884417,0.0002945147163749424,0.0015465254718003193,0.0026607041712178752,5
hts_no_temp,active_count_audit,7.999786376953125,7.95801074853839e-05,3.5589305998811645e-05,7.99970703125,7.99984130859375,5
hts_no_temp,learning_rate,0.05,0.0,0.0,0.05,0.05,5
hts_no_temp,batch_size,32.0,0.0,0.0,32.0,32.0,5
hts_no_temp,sequence_length,64.0,0.0,0.0,64.0,64.0,5
hts_no_temp,optimizer_updates,250.0,0.0,0.0,250.0,250.0,5
hts_no_temp,lambda_hier,1.0,0.0,0.0,1.0,1.0,5
hts_no_temp,lambda_sdyn,1.0,0.0,0.0,1.0,1.0,5
hts_no_temp,lambda_temp,0.01,0.0,0.0,0.01,0.01,5
hts_no_temp,lambda_vc,0.01,0.0,0.0,0.01,0.01,5
hts_no_temp,lambda_sparse,1.0,0.0,0.0,1.0,1.0,5
hts_no_temp,development_candidate_only,1.0,0.0,0.0,1.0,1.0,5
hts_no_temp,initial_loss,1.2166645526885986,0.005397922107182539,0.0024140241537818127,1.212153720855713,1.2211358779668808,5
hts_no_temp,final_loss,1.0480391263961792,0.007615116322746945,0.0034055835508460795,1.0405827283859252,1.0532170057296752,5
hts_no_temp,checkpoint_load_pass,1.0,0.0,0.0,1.0,1.0,5
hts_no_temp,model_derived_metrics,1.0,0.0,0.0,1.0,1.0,5
hts_no_temp,no_evaluation_label_leak_training,1.0,0.0,0.0,1.0,1.0,5
hts_no_temp,wall_clock_seconds,36.176399999999994,0.8981326405381345,0.40165712741093035,35.4,37.0244,5
hts_no_vc,prefix_nrmse_l1,1.0002249213458152,0.00028092514268042136,0.00012563354312444992,1.0000177372885566,1.0005121898492289,5
hts_no_vc,prefix_nrmse_l6,1.0016714792680137,0.002310621150301713,0.0010333411924646778,0.9998526422910651,1.0038671197698046,5
hts_no_vc,marginal_prefix_gain_l6,-0.0009014829921022205,0.003121895616382346,0.0013961541633779064,-0.0038904256991490584,0.001584236133198491,5
hts_no_vc,prefix_reconstruction_improves,0.4,0.48989794855663565,0.21908902300206645,0.0,0.8,5
hts_no_vc,predictive_utility_per_active_feature,0.9940599594601915,0.00030259196682088453,0.00013532324145137175,0.9937942971293261,0.9943026067237429,5
hts_no_vc,factor_probe_accuracy,0.5384246826171875,0.034269124795465886,0.015325618514417058,0.511029052734375,0.5671582794189454,5
hts_no_vc,factor_fast_accuracy,0.527703857421875,0.04799476294086306,0.021463910499951503,0.482354736328125,0.5618576049804688,5
hts_no_vc,factor_mid_accuracy,0.538763427734375,0.019285790120649345,0.008624867541913162,0.522637939453125,0.5556623840332031,5
hts_no_vc,factor_slow_accuracy,0.49151611328125,0.06568041630142409,0.029373175128093912,0.442578125,0.55899658203125,5
hts_no_vc,factor_context_accuracy,0.59571533203125,0.06115861110680919,0.027350962368859796,0.540252685546875,0.647406005859375,5
hts_no_vc,boundary_precision,0.28284132841328413,0.029107013772977357,0.013017052283679999,0.25756457564575647,0.30744157441574416,5
hts_no_vc,boundary_recall,0.51328125,0.05282143347640758,0.023622463184446076,0.46741071428571435,0.5579241071428571,5
hts_no_vc,boundary_f1,0.36471054718477397,0.03753212085238794,0.016784874713135355,0.33211736716891355,0.39643140364789853,5
hts_no_vc,boundary_detection_delay,0.0,0.0,0.0,0.0,0.0,5
hts_no_vc,false_change_rate,0.7171586715867159,0.029107013772977367,0.013017052283680004,0.6925584255842558,0.7424354243542435,5
hts_no_vc,revisit_similarity,0.40495006222013713,0.10080592571232676,0.04508178048551131,0.3212333863490814,0.49422691686632225,5
hts_no_vc,same_macro_distant_similarity,0.40495006222013713,0.10080592571232676,0.04508178048551131,0.3212333863490814,0.49422691686632225,5
hts_no_vc,different_macro_similarity,-0.015232415126101526,0.018623898184585066,0.008328860469353426,-0.03191089553259353,0.0002399400517630568,5
hts_no_vc,nuisance_sensitivity,0.480938720703125,0.02720240847385064,0.012165286899849267,0.46065673828125,0.506805419921875,5
hts_no_vc,effective_rank,7.6960937023162845,0.03744343299609293,0.01674521229804448,7.6649071216583256,7.727311922709148,5
hts_no_vc,alive_feature_ratio,0.9998925526936849,5.211868675709176e-06,2.3308185297375048e-06,0.9998883565266927,0.9998973846435547,5
hts_no_vc,dead_feature_ratio,0.00010744730631511157,5.211868675709176e-06,2.3308185297375048e-06,0.00010261535644533471,0.00011164347330729906,5
hts_no_vc,topk_utilization_entropy,0.008447444982109295,0.0010912488500710751,0.00048802132182548,0.007829492743973609,0.009556731756548923,5
hts_no_vc,active_count_audit,7.998919677734375,0.00016217444159651395,7.252661512457494e-05,7.9987548828125,7.99901123046875,5
hts_no_vc,learning_rate,0.05,0.0,0.0,0.05,0.05,5
hts_no_vc,batch_size,32.0,0.0,0.0,32.0,32.0,5
hts_no_vc,sequence_length,64.0,0.0,0.0,64.0,64.0,5
hts_no_vc,optimizer_updates,250.0,0.0,0.0,250.0,250.0,5
hts_no_vc,lambda_hier,1.0,0.0,0.0,1.0,1.0,5
hts_no_vc,lambda_sdyn,1.0,0.0,0.0,1.0,1.0,5
hts_no_vc,lambda_temp,0.01,0.0,0.0,0.01,0.01,5
hts_no_vc,lambda_vc,0.01,0.0,0.0,0.01,0.01,5
hts_no_vc,lambda_sparse,1.0,0.0,0.0,1.0,1.0,5
hts_no_vc,development_candidate_only,1.0,0.0,0.0,1.0,1.0,5
hts_no_vc,initial_loss,0.3272944509983063,0.0020132748185507777,0.0009003638703336187,0.3256444573402405,0.3291387140750885,5
hts_no_vc,final_loss,0.2902029097080231,0.0017299675446731339,0.0007736650057515062,0.2888310968875885,0.2918861389160156,5
hts_no_vc,checkpoint_load_pass,1.0,0.0,0.0,1.0,1.0,5
hts_no_vc,model_derived_metrics,1.0,0.0,0.0,1.0,1.0,5
hts_no_vc,no_evaluation_label_leak_training,1.0,0.0,0.0,1.0,1.0,5
hts_no_vc,wall_clock_seconds,34.769999999999996,0.2835383571935216,0.12680220818266616,34.53779999999999,35.012600000000006,5
hts_no_hier,prefix_nrmse_l1,1.0060664364035448,0.0017593975007319143,0.0007868264822159592,1.004674119101315,1.0077117352092726,5
hts_no_hier,prefix_nrmse_l6,1.0103366701584564,0.005181915300183741,0.0023174229729714148,1.0056869111271631,1.0149648142408338,5
hts_no_hier,marginal_prefix_gain_l6,-0.0018916880149130399,0.004911117551003899,0.002196318537907402,-0.006061163058037422,0.002626773015158257,5
hts_no_hier,prefix_reconstruction_improves,0.2,0.4000000000000001,0.1788854381999832,0.0,0.6,5
hts_no_hier,predictive_utility_per_active_feature,0.9890964629220683,0.0010439407747630826,0.0004668645073708099,0.9881418168713806,0.9899135138522555,5
hts_no_hier,factor_probe_accuracy,0.6358047485351562,0.02544345192772713,0.011378657618529185,0.6158523559570312,0.6579498291015625,5
hts_no_hier,factor_fast_accuracy,0.52802734375,0.04847184317315204,0.021677267265975415,0.481622314453125,0.5624397277832032,5
hts_no_hier,factor_mid_accuracy,0.538238525390625,0.020524744582474573,0.009178944821446737,0.52056884765625,0.556256103515625,5
hts_no_hier,factor_slow_accuracy,0.493499755859375,0.06547307810440656,0.029280450667521225,0.44334716796875,0.55999755859375,5
hts_no_hier,factor_context_accuracy,0.983453369140625,0.01877597956089395,0.008396873328461105,0.964849853515625,0.998016357421875,5
hts_no_hier,boundary_precision,0.3958179581795818,0.017449708989448143,0.0078037470975990415,0.38019680196801964,0.41051660516605165,5
hts_no_hier,boundary_recall,0.7183035714285715,0.031666547786654786,0.01416171069274112,0.6899553571428572,0.7449776785714286,5
hts_no_hier,boundary_f1,0.5103885804916732,0.022500576381318527,0.010062563664310891,0.49024583663758925,0.5293417922283902,5
hts_no_hier,boundary_detection_delay,0.0,0.0,0.0,0.0,0.0,5
hts_no_hier,false_change_rate,0.6041820418204182,0.017449708989448125,0.007803747097599034,0.5894833948339484,0.6198031980319805,5
hts_no_hier,revisit_similarity,0.7829222683856584,0.029782163332779412,0.01331898834581929,0.7583874166299137,0.810982607854922,5
hts_no_hier,same_macro_distant_similarity,0.7829222683856584,0.029782163332779412,0.01331898834581929,0.7583874166299137,0.810982607854922,5
hts_no_hier,different_macro_similarity,-0.03046529749577449,0.025109221710599795,0.011229185321402938,-0.0554167687112473,-0.009475480095757086,5
hts_no_hier,nuisance_sensitivity,0.164837646484375,0.024588886693823028,0.010996484427685669,0.14344223022460936,0.1862060546875,5
hts_no_hier,effective_rank,7.5917440255483,0.025329535011556506,0.011327712424860253,7.5731773853302,7.615016794204712,5
hts_no_hier,alive_feature_ratio,0.9999114990234375,6.697181234866197e-06,2.99507049975936e-06,0.9999056498209636,0.9999173482259115,5
hts_no_hier,dead_feature_ratio,8.85009765625e-05,6.697181234866197e-06,2.99507049975936e-06,8.265177408854907e-05,9.435017903645094e-05,5
hts_no_hier,topk_utilization_entropy,0.0021281793558917553,0.0011210507639506755,0.0005013491428843561,0.0011185950079733672,0.0030648963344177466,5
hts_no_hier,active_count_audit,7.99976806640625,0.0001303354278812416,5.8287775323795515e-05,7.999658203125,7.999884033203125,5
hts_no_hier,learning_rate,0.05,0.0,0.0,0.05,0.05,5
hts_no_hier,batch_size,32.0,0.0,0.0,32.0,32.0,5
hts_no_hier,sequence_length,64.0,0.0,0.0,64.0,64.0,5
hts_no_hier,optimizer_updates,250.0,0.0,0.0,250.0,250.0,5
hts_no_hier,lambda_hier,1.0,0.0,0.0,1.0,1.0,5
hts_no_hier,lambda_sdyn,1.0,0.0,0.0,1.0,1.0,5
hts_no_hier,lambda_temp,0.01,0.0,0.0,0.01,0.01,5
hts_no_hier,lambda_vc,0.01,0.0,0.0,0.01,0.01,5
hts_no_hier,lambda_sparse,1.0,0.0,0.0,1.0,1.0,5
hts_no_hier,development_candidate_only,1.0,0.0,0.0,1.0,1.0,5
hts_no_hier,initial_loss,1.1106681823730469,0.005423317706228766,0.002425381410941151,1.106141209602356,1.1151951551437378,5
hts_no_hier,final_loss,0.957385241985321,0.009774074654928775,0.004371099069115708,0.9475025394558906,0.963756420314312,5
hts_no_hier,checkpoint_load_pass,1.0,0.0,0.0,1.0,1.0,5
hts_no_hier,model_derived_metrics,1.0,0.0,0.0,1.0,1.0,5
hts_no_hier,no_evaluation_label_leak_training,1.0,0.0,0.0,1.0,1.0,5
hts_no_hier,wall_clock_seconds,32.762,0.9601324908573824,0.4293843033926604,31.7806,33.401525,5
hts_no_sdyn,prefix_nrmse_l1,1.0042816036471305,0.001579641036086641,0.0007064369473475854,1.0029658665359489,1.0056784807668744,5
hts_no_sdyn,prefix_nrmse_l6,1.0064616382618463,0.005148836394440537,0.002302629636598792,1.0019591542667872,1.0111193504632232,5
hts_no_sdyn,marginal_prefix_gain_l6,-0.001387934221827991,0.004900923336096093,0.0021917595464051825,-0.0056307030293847316,0.003070630600659352,5
hts_no_sdyn,prefix_reconstruction_improves,0.4,0.48989794855663565,0.21908902300206645,0.0,0.8,5
hts_no_sdyn,predictive_utility_per_active_feature,0.9871168968950512,0.0010175682717169093,0.0004550703654611972,0.9861346264467548,0.9878909230507487,5
hts_no_sdyn,factor_probe_accuracy,0.6353302001953125,0.024876861062650347,0.011125270480580766,0.6160980224609375,0.6571334838867188,5
hts_no_sdyn,factor_fast_accuracy,0.527392578125,0.047617947710836224,0.021295393606092058,0.482122802734375,0.561492919921875,5
hts_no_sdyn,factor_mid_accuracy,0.5392578125,0.018742331287616404,0.008381825363186287,0.5236712646484375,0.5552471923828124,5
hts_no_sdyn,factor_slow_accuracy,0.491552734375,0.06695474128597244,0.02994307058626921,0.442059326171875,0.560711669921875,5
hts_no_sdyn,factor_context_accuracy,0.98311767578125,0.01877929266950904,0.008398354995677142,0.964569091796875,0.997857666015625,5
hts_no_sdyn,boundary_precision,0.3960024600246002,0.017096064809757016,0.007645592612471739,0.3801937269372693,0.4100861008610086,5
hts_no_sdyn,boundary_recall,0.7186383928571429,0.031024778326634934,0.013874702665043577,0.6899497767857143,0.7441964285714284,5
hts_no_sdyn,boundary_f1,0.5106264869151468,0.022044568898227514,0.009858630918222873,0.4902418715305312,0.5287866772402855,5
hts_no_sdyn,boundary_detection_delay,0.0,0.0,0.0,0.0,0.0,5
hts_no_sdyn,false_change_rate,0.6039975399753998,0.017096064809757013,0.007645592612471738,0.5899138991389914,0.6198062730627306,5
hts_no_sdyn,revisit_similarity,0.7818681427685397,0.030256588170560497,0.013531157583317854,0.7556581429044773,0.8099678075102918,5
hts_no_sdyn,same_macro_distant_similarity,0.7818681427685397,0.030256588170560497,0.013531157583317854,0.7556581429044773,0.8099678075102918,5
hts_no_sdyn,different_macro_similarity,-0.030182462990681457,0.025334097699283853,0.011329752920843943,-0.05506499126144134,-0.00888367187000419,5
hts_no_sdyn,nuisance_sensitivity,0.1657470703125,0.025193508586327826,0.01126687955815073,0.14378173828125002,0.18770751953125,5
hts_no_sdyn,effective_rank,7.590435775121054,0.025228733719576554,0.011282632716642859,7.572341012954712,7.613947660923004,5
hts_no_sdyn,alive_feature_ratio,0.9999107360839844,5.835364738747726e-06,2.609654445869043e-06,0.9999059041341146,0.9999155680338543,5
hts_no_sdyn,dead_feature_ratio,8.92639160156028e-05,5.835364738747726e-06,2.609654445869043e-06,8.443196614582593e-05,9.409586588537966e-05,5
hts_no_sdyn,topk_utilization_entropy,0.0017292373197175348,0.000824260636558372,0.0003686205629043536,0.0009080374918203864,0.0023755945160909516,5
hts_no_sdyn,active_count_audit,7.99981689453125,9.25643975103949e-05,4.1396057025911054e-05,7.99974365234375,7.999908447265625,5
hts_no_sdyn,learning_rate,0.05,0.0,0.0,0.05,0.05,5
hts_no_sdyn,batch_size,32.0,0.0,0.0,32.0,32.0,5
hts_no_sdyn,sequence_length,64.0,0.0,0.0,64.0,64.0,5
hts_no_sdyn,optimizer_updates,250.0,0.0,0.0,250.0,250.0,5
hts_no_sdyn,lambda_hier,1.0,0.0,0.0,1.0,1.0,5
hts_no_sdyn,lambda_sdyn,1.0,0.0,0.0,1.0,1.0,5
hts_no_sdyn,lambda_temp,0.01,0.0,0.0,0.01,0.01,5
hts_no_sdyn,lambda_vc,0.01,0.0,0.0,0.01,0.01,5
hts_no_sdyn,lambda_sparse,1.0,0.0,0.0,1.0,1.0,5
hts_no_sdyn,development_candidate_only,1.0,0.0,0.0,1.0,1.0,5
hts_no_sdyn,initial_loss,1.1096429824829102,0.005289542639004515,0.002365555382139545,1.104972529411316,1.114122200012207,5
hts_no_sdyn,final_loss,0.9561365246772766,0.00893765575414379,0.003997041165151532,0.9471460461616517,0.9616879463195801,5
hts_no_sdyn,checkpoint_load_pass,1.0,0.0,0.0,1.0,1.0,5
hts_no_sdyn,model_derived_metrics,1.0,0.0,0.0,1.0,1.0,5
hts_no_sdyn,no_evaluation_label_leak_training,1.0,0.0,0.0,1.0,1.0,5
hts_no_sdyn,wall_clock_seconds,30.017200000000003,0.5960551652322126,0.2665639735598193,29.5118,30.542020000000004,5
